Div,Date,Time,HomeTeam,AwayTeam,FTHG,FTAG,FTR,HTHG,HTAG,HTR,Referee,HS,AS,HST,AST,HF,AF,HC,AC,HY,AY,HR,AR,B365H,B365D,B365A,MaxH,MaxD,MaxA,AvgH,AvgD,AvgA,B365>2.5,B365<2.5,Avg>2.5,Avg<2.5,AHh,AvgAHH,AvgAHA,season,league_zh
E2,01/01/05,,Barnsley,Hartlepool,0,0,D,0,0,D,E Evans,11,4,7,1,23,8,6,1,2,3,0,0,2.2,3.25,2.8,,,,,,,,,,,,,,2004,英甲
E2,01/01/05,,Bournemouth,Brentford,3,2,H,2,0,H,J Ross,8,6,6,4,11,9,5,1,0,1,0,0,1.8,3.25,4,,,,,,,,,,,,,,2004,英甲
E2,01/01/05,,Bristol City,Peterboro,2,0,H,2,0,H,F Graham,9,10,8,7,12,12,7,7,0,3,0,0,1.57,3.6,5,,,,,,,,,,,,,,2004,英甲
E2,01/01/05,,Hull,Huddersfield,2,1,H,1,1,D,P Danson,11,11,5,7,13,5,3,6,3,1,0,0,1.61,3.6,4.5,,,,,,,,,,,,,,2004,英甲
E2,01/01/05,,Luton,Sheffield Weds,1,1,D,0,1,A,G Hegley,13,12,10,6,11,8,10,2,0,0,0,0,1.9,3.25,3.5,,,,,,,,,,,,,,2004,英甲
E2,01/01/05,,Milton Keynes Dons,Chesterfield,1,1,D,1,0,H,P Armstrong,4,9,2,5,15,9,6,5,2,1,0,0,2.37,3.2,2.62,,,,,,,,,,,,,,2004,英甲
E2,01/01/05,,Oldham,Tranmere,2,2,D,1,1,D,C Boyeson,20,4,11,3,7,10,16,3,1,0,0,0,2.5,3.2,2.5,,,,,,,,,,,,,,2004,英甲
E2,01/01/05,,Port Vale,Bradford,0,1,A,0,0,D,R Olivier,13,9,7,5,9,6,6,2,0,0,0,0,2.3,3.2,2.7,,,,,,,,,,,,,,2004,英甲
E2,01/01/05,,Swindon,Colchester,0,3,A,0,2,A,I Williamson,5,7,3,3,12,13,6,5,0,2,0,0,1.8,3.25,4,,,,,,,,,,,,,,2004,英甲
E2,01/01/05,,Torquay,Stockport,1,2,A,1,0,H,K Friend,12,6,5,2,10,8,1,4,2,1,0,0,1.8,3.25,4,,,,,,,,,,,,,,2004,英甲
E2,01/01/05,,Walsall,Doncaster,1,1,D,1,1,D,M Russell,12,20,5,11,11,8,7,10,2,0,0,0,1.9,3.25,3.5,,,,,,,,,,,,,,2004,英甲
E2,01/01/05,,Wrexham,Blackpool,1,2,A,1,0,H,R Beeby,4,16,2,7,8,13,6,6,1,0,0,0,1.9,3.25,3.5,,,,,,,,,,,,,,2004,英甲
E2,01/02/05,,Chesterfield,Hull,1,1,D,0,0,D,F Graham,9,8,6,3,16,16,9,5,4,1,1,0,2.75,3.4,2.2,,,,,,,,,,,,,,2004,英甲
E2,01/02/05,,Stockport,Bournemouth,2,2,D,1,1,D,P Prosser,12,11,6,6,14,8,8,7,0,0,0,0,3,3.25,2.1,,,,,,,,,,,,,,2004,英甲
E2,01/04/05,,Doncaster,Colchester,1,1,D,0,1,A,A Leake,10,8,6,4,7,8,7,7,2,1,0,0,1.72,3.5,4,,,,,,,,,,,,,,2004,英甲
E2,02/04/05,,Bristol City,Port Vale,2,0,H,1,0,H,R Booth,11,8,6,6,15,10,8,3,0,2,0,0,1.61,3.4,5,,,,,,,,,,,,,,2004,英甲
E2,02/04/05,,Chesterfield,Bradford,0,0,D,0,0,D,A Penn,5,9,3,4,9,12,8,6,0,1,0,0,2.25,3.25,2.75,,,,,,,,,,,,,,2004,英甲
E2,02/04/05,,Hartlepool,Swindon,3,0,H,1,0,H,M Atkinson,11,10,5,3,7,14,3,5,0,1,0,0,1.9,3.25,3.5,,,,,,,,,,,,,,2004,英甲
E2,02/04/05,,Hull,Barnsley,2,1,H,1,0,H,C Webster,11,14,6,11,11,24,7,10,1,5,0,0,1.66,3.5,4.33,,,,,,,,,,,,,,2004,英甲
E2,02/04/05,,Luton,Blackpool,1,0,H,1,0,H,P Armstrong,10,7,5,1,15,17,9,4,1,1,0,0,1.57,3.4,5.5,,,,,,,,,,,,,,2004,英甲
E2,02/04/05,,Milton Keynes Dons,Oldham,1,1,D,0,1,A,A Woolmer,19,4,9,2,9,10,6,1,1,2,0,0,2.1,3.25,3,,,,,,,,,,,,,,2004,英甲
E2,02/04/05,,Peterboro,Huddersfield,1,2,A,1,1,D,C Boyeson,9,6,5,3,6,9,8,2,0,4,0,0,2.5,3.2,2.5,,,,,,,,,,,,,,2004,英甲
E2,02/04/05,,Sheffield Weds,Tranmere,1,2,A,1,1,D,A Marriner,7,5,2,3,7,4,5,3,0,0,1,0,2,3.25,3.25,,,,,,,,,,,,,,2004,英甲
E2,02/04/05,,Stockport,Brentford,1,2,A,0,0,D,T Parkes,3,15,2,6,6,12,5,11,0,0,0,0,3.25,3.25,2,,,,,,,,,,,,,,2004,英甲
E2,02/04/05,,Walsall,Torquay,1,1,D,0,0,D,C Oliver,8,13,4,6,16,14,5,6,2,1,0,0,1.9,3.25,3.5,,,,,,,,,,,,,,2004,英甲
E2,02/04/05,,Wrexham,Bournemouth,1,2,A,0,0,D,R Olivier,16,10,9,7,11,10,5,3,2,0,0,0,2.37,3.2,2.62,,,,,,,,,,,,,,2004,英甲
E2,02/10/04,,Blackpool,Bournemouth,3,3,D,3,2,H,M Pike,12,7,10,6,11,12,8,3,0,0,0,0,2.4,3.25,2.62,,,,,,,,,,,,,,2004,英甲
E2,02/10/04,,Bradford,Barnsley,1,0,H,0,0,D,M Jones,12,8,2,4,12,14,6,3,2,2,0,0,2.3,3.25,2.75,,,,,,,,,,,,,,2004,英甲
E2,02/10/04,,Brentford,Oldham,2,0,H,1,0,H,A Hall,6,5,3,1,13,11,8,4,1,1,0,0,1.66,3.5,4.5,,,,,,,,,,,,,,2004,英甲
E2,02/10/04,,Chesterfield,Bristol City,2,2,D,1,0,H,K Hill,13,5,7,2,17,20,6,4,2,5,0,1,2.37,3.25,2.62,,,,,,,,,,,,,,2004,英甲
E2,02/10/04,,Colchester,Port Vale,2,1,H,2,0,H,M Atkinson,15,10,4,4,12,12,4,7,2,1,0,0,1.9,3.25,3.6,,,,,,,,,,,,,,2004,英甲
E2,02/10/04,,Doncaster,Wrexham,0,0,D,0,0,D,P Armstrong,9,4,3,2,15,17,4,5,0,0,0,0,2,3.25,3.4,,,,,,,,,,,,,,2004,英甲
E2,02/10/04,,Hartlepool,Hull,2,0,H,1,0,H,T Leake,11,12,6,4,9,15,6,8,1,2,0,0,2.4,3.25,2.62,,,,,,,,,,,,,,2004,英甲
E2,02/10/04,,Huddersfield,Walsall,3,1,H,2,0,H,S Mathieson,14,7,9,5,16,12,3,6,0,2,0,0,1.9,3.25,3.6,,,,,,,,,,,,,,2004,英甲
E2,02/10/04,,Peterboro,Torquay,1,1,D,1,1,D,A Kaye,11,10,9,6,10,7,5,2,0,0,0,0,1.8,3.3,4,,,,,,,,,,,,,,2004,英甲
E2,02/10/04,,Sheffield Weds,Milton Keynes Dons,1,1,D,0,0,D,S Tomlin,14,3,2,0,9,8,6,1,2,1,0,0,1.61,3.5,5,,,,,,,,,,,,,,2004,英甲
E2,02/10/04,,Stockport,Swindon,3,3,D,0,2,A,R Olivier,9,8,3,4,11,13,3,3,4,2,0,0,2.75,3.25,2.3,,,,,,,,,,,,,,2004,英甲
E2,02/10/04,,Tranmere,Luton,1,1,D,1,0,H,T Bates,10,7,4,4,16,16,5,2,4,4,0,0,2.2,3.2,3,,,,,,,,,,,,,,2004,英甲
E2,03/01/05,,Blackpool,Port Vale,0,2,A,0,0,D,A Kaye,11,9,6,4,8,17,3,4,0,1,0,0,2,3.25,3.25,,,,,,,,,,,,,,2004,英甲
E2,03/01/05,,Bradford,Swindon,1,2,A,0,0,D,G Salisbury,14,12,8,7,12,13,4,9,4,3,0,1,2,3.25,3.25,,,,,,,,,,,,,,2004,英甲
E2,03/01/05,,Brentford,Walsall,1,0,H,1,0,H,S Tanner,15,4,5,2,11,18,6,7,0,2,0,0,1.83,3.5,3.5,,,,,,,,,,,,,,2004,英甲
E2,03/01/05,,Chesterfield,Barnsley,2,2,D,0,2,A,M Dean,10,10,6,6,6,7,8,3,2,2,0,0,2.25,3.25,2.75,,,,,,,,,,,,,,2004,英甲
E2,03/01/05,,Colchester,Oldham,0,0,D,0,0,D,P Danson,15,8,4,5,13,15,6,2,2,5,0,0,2.2,3.25,2.8,,,,,,,,,,,,,,2004,英甲
E2,03/01/05,,Doncaster,Bournemouth,1,1,D,0,1,A,T Leake,7,8,3,3,11,13,6,4,0,2,0,1,2.25,3.25,2.75,,,,,,,,,,,,,,2004,英甲
E2,03/01/05,,Hartlepool,Milton Keynes Dons,5,0,H,1,0,H,C Webster,12,9,8,6,8,10,3,4,1,0,0,0,1.44,3.75,6.5,,,,,,,,,,,,,,2004,英甲
E2,03/01/05,,Huddersfield,Bristol City,2,2,D,1,0,H,P Robinson,9,3,4,2,14,11,5,5,1,4,0,0,2.5,3.2,2.5,,,,,,,,,,,,,,2004,英甲
E2,03/01/05,,Peterboro,Luton,2,2,D,0,0,D,M Cowburn,14,4,6,3,13,15,6,1,2,2,0,0,3.5,3.5,1.83,,,,,,,,,,,,,,2004,英甲
E2,03/01/05,,Sheffield Weds,Wrexham,4,0,H,0,0,D,E Ilderton,14,7,7,4,11,6,7,5,0,3,0,1,1.53,3.4,6,,,,,,,,,,,,,,2004,英甲
E2,03/01/05,,Stockport,Hull,1,3,A,1,1,D,C Oliver,8,14,3,10,13,6,9,7,1,0,0,0,3.5,3.5,1.83,,,,,,,,,,,,,,2004,英甲
E2,03/01/05,,Tranmere,Torquay,4,1,H,1,1,D,F Graham,20,10,15,5,10,19,10,2,1,2,0,0,1.44,3.75,6.5,,,,,,,,,,,,,,2004,英甲
E2,03/05/05,,Wrexham,Brentford,1,2,A,1,0,H,E Evans,9,8,5,5,16,15,9,6,1,2,0,0,2.37,3.6,2.37,,,,,,,,,,,,,,2004,英甲
E2,04/09/04,,Bradford,Port Vale,0,2,A,0,1,A,A Leake,17,16,8,5,10,11,11,3,1,1,0,0,2.2,3.25,2.8,,,,,,,,,,,,,,2004,英甲
E2,04/09/04,,Brentford,Bournemouth,2,1,H,1,0,H,R Beeby,18,7,12,4,11,12,12,1,0,0,0,1,1.9,3.25,3.5,,,,,,,,,,,,,,2004,英甲
E2,04/09/04,,Chesterfield,Milton Keynes Dons,2,2,D,1,0,H,L Cable,6,11,3,7,20,22,4,6,2,3,0,0,1.72,3.5,4,,,,,,,,,,,,,,2004,英甲
E2,04/09/04,,Colchester,Swindon,0,1,A,0,1,A,K Wright,7,13,4,9,8,14,10,13,1,3,0,0,2.25,3.25,2.75,,,,,,,,,,,,,,2004,英甲
E2,04/09/04,,Doncaster,Walsall,3,1,H,1,0,H,E Ilderton,11,14,10,7,7,8,10,5,0,0,0,0,2.3,3.2,2.7,,,,,,,,,,,,,,2004,英甲
E2,04/09/04,,Hartlepool,Barnsley,1,1,D,0,1,A,R Oliver,14,8,8,2,14,18,8,1,3,3,0,1,1.9,3.25,3.5,,,,,,,,,,,,,,2004,英甲
E2,04/09/04,,Peterboro,Bristol City,0,1,A,0,0,D,A Mariner,8,14,2,12,12,11,4,9,1,2,0,0,2.4,3.2,2.6,,,,,,,,,,,,,,2004,英甲
E2,04/09/04,,Sheffield Weds,Luton,0,0,D,0,0,D,C Boyeson,9,2,4,0,15,14,9,4,1,2,0,0,2.25,3.25,2.75,,,,,,,,,,,,,,2004,英甲
E2,04/09/04,,Stockport,Torquay,0,2,A,0,1,A,J Ross,22,13,10,7,17,9,3,8,0,1,0,0,1.9,3.25,3.5,,,,,,,,,,,,,,2004,英甲
E2,05/02/05,,Barnsley,Sheffield Weds,0,0,D,0,0,D,G Laws,10,3,6,1,16,20,6,2,3,2,0,0,2.5,3.25,2.5,,,,,,,,,,,,,,2004,英甲
E2,05/02/05,,Bradford,Tranmere,1,1,D,0,1,A,P Danson,9,11,5,6,9,17,9,3,1,5,0,1,2.63,3.1,2.5,,,,,,,,,,,,,,2004,英甲
E2,05/02/05,,Brentford,Milton Keynes Dons,1,0,H,0,0,D,S Tanner,7,5,4,4,15,18,5,2,0,5,0,0,1.57,3.5,5.5,,,,,,,,,,,,,,2004,英甲
E2,05/02/05,,Chesterfield,Hartlepool,0,1,A,0,0,D,A Woolmer,9,8,2,5,9,8,1,3,1,1,1,0,2.5,3.1,2.63,,,,,,,,,,,,,,2004,英甲
E2,05/02/05,,Colchester,Blackpool,0,1,A,0,0,D,B Curson,11,8,6,5,11,14,8,4,2,0,0,0,1.9,3.25,3.6,,,,,,,,,,,,,,2004,英甲
E2,05/02/05,,Huddersfield,Luton,1,1,D,0,1,A,M Thorpe,7,4,3,1,11,18,6,5,1,4,0,0,2.63,3.25,2.38,,,,,,,,,,,,,,2004,英甲
E2,05/02/05,,Hull,Bristol City,1,1,D,0,0,D,E Evans,16,11,7,6,11,13,9,5,0,3,0,0,1.72,3.4,4.33,,,,,,,,,,,,,,2004,英甲
E2,05/02/05,,Oldham,Swindon,1,2,A,1,0,H,M Fletcher,15,11,12,6,8,18,4,9,1,2,0,0,2.25,3.25,2.8,,,,,,,,,,,,,,2004,英甲
E2,05/02/05,,Peterboro,Stockport,2,1,H,1,0,H,J Ross,11,12,6,9,13,11,4,5,0,1,0,0,1.83,3.4,3.75,,,,,,,,,,,,,,2004,英甲
E2,05/02/05,,Port Vale,Bournemouth,2,1,H,2,1,H,D Drysdale,8,6,3,2,10,13,3,3,1,0,0,0,2.4,3.25,2.63,,,,,,,,,,,,,,2004,英甲
E2,05/02/05,,Torquay,Doncaster,2,1,H,2,0,H,T Parkes,10,14,5,6,12,12,3,5,1,4,0,0,2.4,3.25,2.63,,,,,,,,,,,,,,2004,英甲
E2,05/02/05,,Walsall,Wrexham,2,2,D,2,2,D,T Leake,8,11,6,5,7,9,3,6,2,1,0,0,1.8,3.3,4,,,,,,,,,,,,,,2004,英甲
E2,05/03/05,,Blackpool,Walsall,2,0,H,0,0,D,E Ilderton,11,13,8,6,11,10,9,8,1,1,1,1,2.1,3.2,3.2,,,,,,,,,,,,,,2004,英甲
E2,05/03/05,,Bradford,Huddersfield,2,0,H,1,0,H,G Hegley,9,14,4,7,15,7,5,6,3,2,0,0,2.1,3.2,3.2,,,,,,,,,,,,,,2004,英甲
E2,05/03/05,,Colchester,Brentford,0,1,A,0,0,D,P Prosser,12,7,9,4,11,15,9,9,1,3,0,0,2.3,3.25,2.75,,,,,,,,,,,,,,2004,英甲
E2,05/03/05,,Hartlepool,Wrexham,4,6,A,2,3,A,K Friend,12,13,7,6,9,14,6,5,0,2,0,0,1.5,3.5,6.5,,,,,,,,,,,,,,2004,英甲
E2,05/03/05,,Luton,Bristol City,5,0,H,3,0,H,P Danson,17,2,13,2,16,17,9,4,2,5,0,0,1.66,3.5,4.5,,,,,,,,,,,,,,2004,英甲
E2,05/03/05,,Milton Keynes Dons,Stockport,2,1,H,1,0,H,M Messias,8,5,6,5,8,13,2,4,3,2,0,1,1.8,3.3,4,,,,,,,,,,,,,,2004,英甲
E2,05/03/05,,Oldham,Port Vale,3,0,H,1,0,H,M Warren,14,7,7,4,13,11,6,6,0,2,0,0,2.25,3.25,2.8,,,,,,,,,,,,,,2004,英甲
E2,05/03/05,,Peterboro,Barnsley,1,3,A,0,0,D,L Probert,11,15,7,10,15,11,14,8,0,2,0,0,2.37,3.25,2.62,,,,,,,,,,,,,,2004,英甲
E2,05/03/05,,Swindon,Bournemouth,0,3,A,0,1,A,E Evans,10,7,4,4,13,8,10,4,2,1,0,0,2,3.25,3.4,,,,,,,,,,,,,,2004,英甲
E2,05/03/05,,Torquay,Chesterfield,2,2,D,1,1,D,J Ross,15,10,12,5,9,9,6,4,0,1,0,0,2.25,3.25,2.8,,,,,,,,,,,,,,2004,英甲
E2,05/03/05,,Tranmere,Hull,1,3,A,1,1,D,G Salisbury,11,8,2,5,10,8,7,4,3,2,0,0,2.2,3.2,3,,,,,,,,,,,,,,2004,英甲
E2,05/04/05,,Barnsley,Wrexham,2,2,D,1,0,H,N Miller,10,14,4,7,9,8,5,8,0,0,0,0,1.66,3.4,4.5,,,,,,,,,,,,,,2004,英甲
E2,05/04/05,,Bristol City,Bournemouth,0,2,A,0,0,D,M Russell,13,11,6,6,10,14,10,4,2,1,0,0,2,3.25,3.25,,,,,,,,,,,,,,2004,英甲
E2,05/04/05,,Hartlepool,Peterboro,2,2,D,2,0,H,D Drysdale,12,5,4,5,9,16,5,4,0,3,0,0,1.4,3.75,7.5,,,,,,,,,,,,,,2004,英甲
E2,05/09/04,,Huddersfield,Hull,4,0,H,2,0,H,G Salisbury,11,10,5,7,19,5,6,8,4,2,0,0,2.75,3.25,2.25,,,,,,,,,,,,,,2004,英甲
E2,06/03/05,,Sheffield Weds,Doncaster,2,0,H,1,0,H,M Atkinson,12,6,8,3,7,11,6,5,1,2,0,0,1.8,3.3,4,,,,,,,,,,,,,,2004,英甲
E2,06/11/04,,Barnsley,Port Vale,1,2,A,1,0,H,K Stroud,19,12,7,6,17,13,4,2,0,1,0,0,1.9,3.25,3.6,,,,,,,,,,,,,,2004,英甲
E2,06/11/04,,Bradford,Colchester,2,2,D,1,2,A,C Oliver,14,13,8,8,13,13,6,11,1,3,0,0,1.66,3.5,4.5,,,,,,,,,,,,,,2004,英甲
E2,06/11/04,,Bristol City,Milton Keynes Dons,4,1,H,3,0,H,K Friend,22,12,16,8,11,15,2,5,1,2,0,0,1.53,3.5,6,,,,,,,,,,,,,,2004,英甲
E2,06/11/04,,Chesterfield,Blackpool,1,0,H,0,0,D,M Russell,17,8,8,4,11,18,6,3,0,2,0,0,1.9,3.25,3.6,,,,,,,,,,,,,,2004,英甲
E2,06/11/04,,Hartlepool,Doncaster,2,1,H,0,1,A,C Foy,11,10,3,8,13,21,4,3,1,1,0,0,1.83,3.2,4,,,,,,,,,,,,,,2004,英甲
E2,06/11/04,,Hull,Walsall,3,1,H,3,0,H,G Lewis,8,20,5,8,9,5,2,7,1,1,0,0,1.61,3.5,5,,,,,,,,,,,,,,2004,英甲
E2,06/11/04,,Luton,Wrexham,5,1,H,4,0,H,M Thorpe,13,14,8,4,19,7,3,6,0,2,0,0,1.53,3.5,6,,,,,,,,,,,,,,2004,英甲
E2,06/11/04,,Peterboro,Bournemouth,0,1,A,0,1,A,T Kettle,11,10,2,8,14,11,2,6,1,1,0,0,2.62,3.1,2.5,,,,,,,,,,,,,,2004,英甲
E2,06/11/04,,Stockport,Sheffield Weds,0,3,A,0,1,A,P Danson,6,12,3,7,13,20,4,6,2,4,0,0,2.8,3.25,2.25,,,,,,,,,,,,,,2004,英甲
E2,06/11/04,,Torquay,Oldham,2,0,H,1,0,H,P Melin,18,10,8,4,14,14,6,4,0,0,0,0,2.2,3.3,2.87,,,,,,,,,,,,,,2004,英甲
E2,06/11/04,,Tranmere,Swindon,2,1,H,1,0,H,P Joslin,14,5,8,4,8,12,6,2,0,1,0,0,1.72,3.25,4.5,,,,,,,,,,,,,,2004,英甲
E2,07/05/05,,Blackpool,Barnsley,0,2,A,0,1,A,A Bates,10,14,4,11,16,9,5,3,1,1,0,0,2,3.25,3.25,,,,,,,,,,,,,,2004,英甲
E2,07/05/05,,Bournemouth,Hartlepool,2,2,D,2,1,H,S Tanner,10,10,7,4,15,17,3,3,2,1,0,0,2.2,3.25,2.8,,,,,,,,,,,,,,2004,英甲
E2,07/05/05,,Brentford,Hull,2,1,H,1,1,D,U Rennie,8,10,3,3,13,15,3,6,2,1,0,0,2.5,3.2,2.5,,,,,,,,,,,,,,2004,英甲
E2,07/05/05,,Colchester,Torquay,2,1,H,1,0,H,K Friend,17,8,8,3,13,12,1,3,3,1,0,0,2.5,3.4,2.3,,,,,,,,,,,,,,2004,英甲
E2,07/05/05,,Doncaster,Luton,3,3,D,1,2,A,S Mathieson,16,9,5,4,9,16,5,6,2,1,0,0,2.75,3.25,2.25,,,,,,,,,,,,,,2004,英甲
E2,07/05/05,,Milton Keynes Dons,Tranmere,2,1,H,1,0,H,P Taylor,5,7,2,4,16,19,2,7,1,2,0,0,1.9,3.5,3.25,,,,,,,,,,,,,,2004,英甲
E2,07/05/05,,Oldham,Bradford,2,1,H,2,1,H,M Fletcher,10,13,4,9,14,18,5,4,3,3,0,0,1.72,3.5,4,,,,,,,,,,,,,,2004,英甲
E2,07/05/05,,Port Vale,Peterboro,1,0,H,0,0,D,M Cowburn,19,8,10,4,9,12,13,5,1,1,0,0,1.72,3.5,4,,,,,,,,,,,,,,2004,英甲
E2,07/05/05,,Sheffield Weds,Bristol City,2,3,A,0,2,A,G Laws,5,15,3,5,3,3,3,4,0,0,1,0,2.1,3.4,2.8,,,,,,,,,,,,,,2004,英甲
E2,07/05/05,,Swindon,Chesterfield,1,1,D,1,1,D,G Hegley,10,5,4,3,7,6,4,1,0,0,0,0,1.8,3.25,4,,,,,,,,,,,,,,2004,英甲
E2,07/05/05,,Walsall,Stockport,3,0,H,0,0,D,K Wright,18,10,7,8,11,14,4,4,1,1,0,0,1.53,3.5,5.5,,,,,,,,,,,,,,2004,英甲
E2,07/05/05,,Wrexham,Huddersfield,0,1,A,0,1,A,L Probert,14,11,5,4,11,13,9,2,2,2,0,0,2.37,3.4,2.5,,,,,,,,,,,,,,2004,英甲
E2,07/08/04,,Bristol City,Torquay,1,1,D,0,0,D,A Hall,14,8,8,4,15,18,7,4,2,3,0,0,1.53,3.6,6,,,,,,,,,,,,,,2004,英甲
E2,07/08/04,,Chesterfield,Brentford,3,1,H,1,0,H,E Ilderton,12,9,4,5,10,8,3,6,0,1,0,0,2.4,3.2,2.7,,,,,,,,,,,,,,2004,英甲
E2,07/08/04,,Doncaster,Blackpool,2,0,H,1,0,H,P Danson,16,4,6,2,12,14,11,3,0,2,0,0,2,3.25,3.4,,,,,,,,,,,,,,2004,英甲
E2,07/08/04,,Hartlepool,Bradford,2,1,H,0,0,D,G Salisbury,16,11,11,8,8,13,8,5,0,1,0,0,2,3.25,3.4,,,,,,,,,,,,,,2004,英甲
E2,07/08/04,,Hull,Bournemouth,1,0,H,1,0,H,P Prosser,16,14,9,6,12,5,6,4,3,0,0,1,1.8,3.2,4.33,,,,,,,,,,,,,,2004,英甲
E2,07/08/04,,Luton,Oldham,2,1,H,1,1,D,K Wright,6,8,5,7,17,10,6,6,2,0,0,0,1.9,3.25,3.75,,,,,,,,,,,,,,2004,英甲
E2,07/08/04,,Milton Keynes Dons,Barnsley,1,1,D,0,1,A,K Hill,12,4,5,1,16,19,4,12,1,0,0,0,2.4,3.4,2.6,,,,,,,,,,,,,,2004,英甲
E2,07/08/04,,Peterboro,Tranmere,1,0,H,0,0,D,L Cable,14,6,10,2,19,14,7,3,4,2,0,0,2.7,3.25,2.37,,,,,,,,,,,,,,2004,英甲
E2,07/08/04,,Sheffield Weds,Colchester,0,3,A,0,0,D,P Taylor,8,18,4,11,14,9,4,6,1,2,0,0,1.72,3.4,4.5,,,,,,,,,,,,,,2004,英甲
E2,07/08/04,,Stockport,Huddersfield,2,3,A,0,1,A,T Parkes,9,8,4,4,14,16,9,5,1,3,0,0,2.1,3.25,3.2,,,,,,,,,,,,,,2004,英甲
E2,07/08/04,,Walsall,Port Vale,3,2,H,1,0,H,L Probert,10,14,5,9,21,15,3,4,3,5,1,1,1.83,3.25,4,,,,,,,,,,,,,,2004,英甲
E2,07/08/04,,Wrexham,Swindon,2,1,H,1,0,H,S Mathieson,10,17,5,8,15,12,2,4,2,1,0,0,2.5,3.3,2.5,,,,,,,,,,,,,,2004,英甲
E2,07/11/04,,Huddersfield,Brentford,1,1,D,0,0,D,C Boyeson,12,9,9,9,11,18,2,6,1,2,0,0,2.2,3.3,2.87,,,,,,,,,,,,,,2004,英甲
E2,07/12/04,,Blackpool,Torquay,4,0,H,1,0,H,P Prosser,17,6,12,5,16,8,4,2,2,0,0,1,2,3.25,3.25,,,,,,,,,,,,,,2004,英甲
E2,07/12/04,,Bournemouth,Bradford,2,0,H,2,0,H,M Russell,10,9,6,3,7,10,6,2,0,1,0,0,2.1,3.25,3,,,,,,,,,,,,,,2004,英甲
E2,07/12/04,,Brentford,Luton,2,0,H,1,0,H,A D'Urso,7,3,5,2,14,15,10,1,3,1,0,1,2.75,3.25,2.25,,,,,,,,,,,,,,2004,英甲
E2,07/12/04,,Colchester,Barnsley,0,2,A,0,1,A,C Penton,12,8,3,6,14,22,3,6,1,1,1,0,1.83,3.25,3.75,,,,,,,,,,,,,,2004,英甲
E2,07/12/04,,Doncaster,Bristol City,1,1,D,1,1,D,T Parkes,7,4,4,2,9,10,7,4,1,3,0,0,2.4,3.2,2.6,,,,,,,,,,,,,,2004,英甲
E2,07/12/04,,Milton Keynes Dons,Peterboro,1,1,D,0,1,A,M Fletcher,13,13,9,6,12,12,6,3,1,0,0,0,2.37,3.2,2.62,,,,,,,,,,,,,,2004,英甲
E2,07/12/04,,Oldham,Chesterfield,4,1,H,2,0,H,G Hegley,15,5,7,3,12,12,2,2,2,1,0,0,2.1,3.25,3,,,,,,,,,,,,,,2004,英甲
E2,07/12/04,,Port Vale,Tranmere,3,1,H,2,0,H,E Ilderton,5,9,5,7,8,5,5,11,0,0,0,0,2.8,3.25,2.2,,,,,,,,,,,,,,2004,英甲
E2,07/12/04,,Walsall,Hartlepool,2,1,H,0,1,A,D Drysdale,12,12,10,7,13,6,5,4,0,0,0,0,2,3.25,3.25,,,,,,,,,,,,,,2004,英甲
E2,07/12/04,,Wrexham,Stockport,2,1,H,1,1,D,N Miller,16,10,8,4,11,14,6,1,2,3,0,0,1.8,3.25,4,,,,,,,,,,,,,,2004,英甲
E2,08/01/05,,Doncaster,Port Vale,2,0,H,1,0,H,J Ross,16,13,7,6,12,11,3,4,0,0,0,0,1.9,3.25,3.5,,,,,,,,,,,,,,2004,英甲
E2,08/01/05,,Huddersfield,Torquay,1,1,D,1,0,H,D Drysdale,14,1,8,1,5,15,8,2,0,2,0,0,1.72,3.5,4,,,,,,,,,,,,,,2004,英甲
E2,08/01/05,,Sheffield Weds,Swindon,2,0,H,1,0,H,P Robinson,13,3,6,1,5,4,10,7,0,1,0,0,1.72,3.5,4,,,,,,,,,,,,,,2004,英甲
E2,08/02/05,,Blackpool,Oldham,2,0,H,0,0,D,P Dowd,14,7,8,6,21,17,10,4,1,2,0,0,2.1,3.25,3,,,,,,,,,,,,,,2004,英甲
E2,08/02/05,,Bradford,Milton Keynes Dons,1,4,A,0,2,A,S Mathieson,13,10,5,5,9,13,9,1,1,0,0,0,1.61,3.4,5,,,,,,,,,,,,,,2004,英甲
E2,08/03/05,,Bournemouth,Blackpool,2,3,A,1,2,A,F Graham,15,12,6,6,5,9,12,8,1,0,0,0,1.72,3.25,4.33,,,,,,,,,,,,,,2004,英甲
E2,08/03/05,,Hull,Hartlepool,1,0,H,1,0,H,M Thorpe,15,4,7,3,14,8,3,5,0,0,0,0,1.66,3.4,4.5,,,,,,,,,,,,,,2004,英甲
E2,08/03/05,,Port Vale,Colchester,0,0,D,0,0,D,P Robinson,11,5,8,1,18,23,6,4,2,2,1,1,1.9,3.25,3.5,,,,,,,,,,,,,,2004,英甲
E2,08/04/05,,Tranmere,Stockport,1,0,H,0,0,D,A Bates,19,4,12,1,7,12,3,4,1,0,0,0,1.3,4.5,8,,,,,,,,,,,,,,2004,英甲
E2,08/10/04,,Bournemouth,Stockport,2,1,H,2,0,H,S Tomlin,9,7,2,3,13,12,11,1,0,1,0,0,1.61,3.5,5,,,,,,,,,,,,,,2004,英甲
E2,08/10/04,,Luton,Hartlepool,3,0,H,1,0,H,M Ryan,17,18,7,8,15,8,6,8,2,1,0,0,1.61,3.5,5,,,,,,,,,,,,,,2004,英甲
E2,08/10/04,,Milton Keynes Dons,Bradford,1,2,A,1,0,H,A Hall,11,13,4,5,10,13,3,7,1,4,0,0,2.37,3.25,2.62,,,,,,,,,,,,,,2004,英甲
E2,08/10/04,,Port Vale,Doncaster,2,0,H,2,0,H,M Warren,5,4,3,3,11,9,4,8,3,2,0,0,2.2,3.3,2.87,,,,,,,,,,,,,,2004,英甲
E2,08/12/04,,Sheffield Weds,Hull,2,4,A,1,3,A,C Webster,8,9,6,7,11,10,3,7,2,1,0,0,2.25,3.25,2.75,,,,,,,,,,,,,,2004,英甲
E2,08/12/04,,Swindon,Huddersfield,1,2,A,0,2,A,A Woolmer,11,9,6,6,17,17,7,1,2,2,1,1,1.8,3.25,4,,,,,,,,,,,,,,2004,英甲
E2,09/04/05,,Blackpool,Peterboro,0,1,A,0,1,A,M Jones,10,13,5,9,12,12,3,8,1,0,0,0,1.61,3.4,5,,,,,,,,,,,,,,2004,英甲
E2,09/04/05,,Bournemouth,Luton,0,1,A,0,0,D,T Parkes,12,13,8,4,12,15,4,6,1,0,0,1,2.62,3.2,2.37,,,,,,,,,,,,,,2004,英甲
E2,09/04/05,,Brentford,Bristol City,1,0,H,1,0,H,J Ross,7,2,3,0,13,16,5,2,1,1,0,0,1.9,3.25,3.5,,,,,,,,,,,,,,2004,英甲
E2,09/04/05,,Colchester,Hartlepool,1,1,D,1,0,H,M Warren,14,12,5,4,15,13,6,6,1,1,0,0,2.62,3.3,2.3,,,,,,,,,,,,,,2004,英甲
E2,09/04/05,,Huddersfield,Doncaster,3,1,H,2,1,H,M Clattenburg,8,2,5,1,10,11,6,0,0,3,0,0,2.2,3.4,2.75,,,,,,,,,,,,,,2004,英甲
E2,09/04/05,,Oldham,Sheffield Weds,1,1,D,1,0,H,A Leake,7,9,2,5,18,12,7,5,0,2,0,1,2.5,3.4,2.37,,,,,,,,,,,,,,2004,英甲
E2,09/04/05,,Port Vale,Chesterfield,1,0,H,0,0,D,M Atkinson,13,9,4,6,14,10,7,7,2,0,0,0,2.2,3.4,2.75,,,,,,,,,,,,,,2004,英甲
E2,09/04/05,,Swindon,Walsall,1,2,A,0,1,A,K Woolmer,12,7,4,3,8,8,6,5,1,2,0,0,1.66,3.4,4.5,,,,,,,,,,,,,,2004,英甲
E2,09/04/05,,Torquay,Milton Keynes Dons,1,0,H,0,0,D,S Tanner,17,11,12,7,13,14,4,1,3,2,0,0,2.25,3.2,2.8,,,,,,,,,,,,,,2004,英甲
E2,09/10/04,,Barnsley,Brentford,0,0,D,0,0,D,C Webster,9,8,5,5,16,15,7,5,2,1,0,0,2.3,3.25,2.75,,,,,,,,,,,,,,2004,英甲
E2,09/10/04,,Torquay,Huddersfield,2,1,H,0,1,A,T Kettle,9,5,5,2,9,18,6,3,2,1,0,0,2.62,3.25,2.4,,,,,,,,,,,,,,2004,英甲
E2,09/10/04,,Walsall,Colchester,2,1,H,0,0,D,R Beeby,14,9,11,4,10,9,18,3,0,0,0,0,2.37,3.2,2.7,,,,,,,,,,,,,,2004,英甲
E2,09/11/04,,Blackpool,Wrexham,2,1,H,0,1,A,E Evans,10,9,5,6,15,8,7,6,1,0,0,0,2.1,3.25,3,,,,,,,,,,,,,,2004,英甲
E2,09/11/04,,Bristol City,Tranmere,4,0,H,2,0,H,T Kettle,10,5,7,3,19,19,2,5,2,5,0,0,2.25,3.25,2.75,,,,,,,,,,,,,,2004,英甲
E2,10/01/05,,Tranmere,Bristol City,0,1,A,0,1,A,R Olivier,14,9,6,4,13,13,14,4,1,2,0,0,1.83,3.25,3.75,,,,,,,,,,,,,,2004,英甲
E2,10/04/05,,Bradford,Hull,0,2,A,0,1,A,M Pike,15,7,6,3,18,13,5,4,2,1,0,0,2.8,3.25,2.2,,,,,,,,,,,,,,2004,英甲
E2,10/08/04,,Barnsley,Bristol City,2,1,H,0,0,D,G Salisbury,13,11,6,5,10,13,2,6,1,1,0,0,2.5,3.3,2.5,,,,,,,,,,,,,,2004,英甲
E2,10/08/04,,Blackpool,Sheffield Weds,1,2,A,0,1,A,A Marriner,8,11,7,8,13,13,6,7,0,2,0,0,2.37,3.4,2.62,,,,,,,,,,,,,,2004,英甲
E2,10/08/04,,Bournemouth,Walsall,2,2,D,0,1,A,G Hegley,16,6,7,5,6,7,6,3,0,0,0,0,2.5,3.2,2.6,,,,,,,,,,,,,,2004,英甲
E2,10/08/04,,Bradford,Peterboro,2,2,D,1,1,D,S Mathieson,11,7,4,5,15,21,3,5,5,1,0,0,1.9,3.4,3.6,,,,,,,,,,,,,,2004,英甲
E2,10/08/04,,Brentford,Doncaster,4,3,H,1,2,A,R Olivier,13,11,7,6,14,17,9,1,2,4,1,0,2.3,3.25,2.8,,,,,,,,,,,,,,2004,英甲
E2,10/08/04,,Colchester,Stockport,3,2,H,3,0,H,C Penton,11,16,4,11,13,15,4,8,0,6,0,0,2,3.25,3.4,,,,,,,,,,,,,,2004,英甲
E2,10/08/04,,Huddersfield,Chesterfield,0,0,D,0,0,D,P Joslin,10,6,6,3,11,14,3,4,2,1,0,0,1.8,3.4,4,,,,,,,,,,,,,,2004,英甲
E2,10/08/04,,Oldham,Wrexham,2,3,A,0,2,A,P Prosser,11,9,6,4,14,7,5,6,3,0,0,0,2,3.25,3.4,,,,,,,,,,,,,,2004,英甲
E2,10/08/04,,Port Vale,Milton Keynes Dons,3,2,H,1,1,D,M Fletcher,17,18,10,10,11,13,5,9,1,2,0,0,2,3.4,3.25,,,,,,,,,,,,,,2004,英甲
E2,10/08/04,,Torquay,Hull,0,3,A,0,2,A,L Cable,18,10,11,5,15,13,13,4,2,0,1,1,2.6,3.2,2.5,,,,,,,,,,,,,,2004,英甲
E2,10/08/04,,Tranmere,Hartlepool,2,1,H,1,1,D,M Atkinson,9,8,6,4,9,15,1,4,2,2,1,0,1.9,3.25,3.75,,,,,,,,,,,,,,2004,英甲
E2,10/10/04,,Hull,Chesterfield,1,0,H,0,0,D,M Cowburn,6,15,4,6,11,15,5,2,1,2,1,0,1.8,3.3,4,,,,,,,,,,,,,,2004,英甲
E2,10/10/04,,Oldham,Blackpool,1,2,A,1,1,D,M Atkinson,8,12,3,9,19,15,8,3,3,1,0,0,1.9,3.4,3.5,,,,,,,,,,,,,,2004,英甲
E2,10/12/04,,Tranmere,Bournemouth,2,0,H,1,0,H,R Booth,15,12,8,5,12,16,6,6,0,3,0,0,1.8,3.3,4,,,,,,,,,,,,,,2004,英甲
E2,11/01/05,,Peterboro,Wrexham,2,2,D,2,1,H,J Singh,18,9,12,6,11,13,5,3,0,1,0,0,2.1,3.25,3,,,,,,,,,,,,,,2004,英甲
E2,11/02/05,,Bristol City,Walsall,0,1,A,0,0,D,G Salisbury,8,6,4,4,11,11,3,9,4,1,0,0,1.66,3.5,4.5,,,,,,,,,,,,,,2004,英甲
E2,11/08/04,,Swindon,Luton,2,3,A,1,2,A,A Leake,12,8,8,5,10,13,9,4,2,3,0,0,1.9,3.4,3.6,,,,,,,,,,,,,,2004,英甲
E2,11/09/04,,Barnsley,Tranmere,0,0,D,0,0,D,M Clattenburg,14,4,11,1,14,13,7,6,1,2,0,0,2.5,3.2,2.5,,,,,,,,,,,,,,2004,英甲
E2,11/09/04,,Bournemouth,Colchester,1,3,A,0,2,A,J Ross,17,11,10,6,10,9,3,6,1,3,0,0,2.1,3.25,3,,,,,,,,,,,,,,2004,英甲
E2,11/09/04,,Bristol City,Stockport,5,0,H,3,0,H,A Penn,28,6,16,3,7,11,6,6,1,0,0,0,1.571,3.4,5.5,,,,,,,,,,,,,,2004,英甲
E2,11/09/04,,Hull,Blackpool,2,1,H,1,1,D,G Laws,21,6,10,3,6,16,5,11,0,2,0,0,1.533,3.5,5.5,,,,,,,,,,,,,,2004,英甲
E2,11/09/04,,Luton,Chesterfield,1,0,H,0,0,D,S Tomlin,12,5,8,1,13,20,7,3,1,2,0,2,1.667,3.4,4.5,,,,,,,,,,,,,,2004,英甲
E2,11/09/04,,Milton Keynes Dons,Doncaster,0,1,A,0,0,D,I Williamson,9,5,4,3,15,16,11,5,2,3,0,0,2.5,3.2,2.5,,,,,,,,,,,,,,2004,英甲
E2,11/09/04,,Oldham,Hartlepool,3,2,H,1,0,H,P Joslin,13,5,7,3,10,10,6,2,1,0,0,0,2.3,3.2,2.7,,,,,,,,,,,,,,2004,英甲
E2,11/09/04,,Port Vale,Huddersfield,0,3,A,0,0,D,K Hill,3,13,1,9,12,8,5,4,1,1,0,0,1.8,3.25,4,,,,,,,,,,,,,,2004,英甲
E2,11/09/04,,Swindon,Peterboro,0,1,A,0,1,A,T Kettle,14,5,6,3,11,16,3,2,1,1,0,0,1.571,3.4,5.5,,,,,,,,,,,,,,2004,英甲
E2,11/09/04,,Torquay,Brentford,2,2,D,1,0,H,S Tanner,12,15,9,8,17,10,6,10,1,2,0,0,2.5,3.2,2.5,,,,,,,,,,,,,,2004,英甲
E2,11/09/04,,Walsall,Sheffield Weds,1,1,D,1,1,D,M Thorpe,7,8,3,6,15,15,6,7,1,0,0,0,2.3,3.2,2.7,,,,,,,,,,,,,,2004,英甲
E2,11/09/04,,Wrexham,Bradford,1,0,H,1,0,H,M Warren,7,11,3,2,14,15,5,4,4,2,0,1,2,3.25,3.25,,,,,,,,,,,,,,2004,英甲
E2,11/12/04,,Blackpool,Bristol City,1,1,D,1,1,D,C Oliver,8,9,3,4,10,19,9,2,3,4,0,0,2.75,3.25,2.3,,,,,,,,,,,,,,2004,英甲
E2,11/12/04,,Bradford,Walsall,1,1,D,0,0,D,T Bates,8,12,4,9,13,13,6,7,1,3,0,0,2,3.25,3.4,,,,,,,,,,,,,,2004,英甲
E2,11/12/04,,Colchester,Hull,1,2,A,0,1,A,S Tanner,13,7,7,5,13,16,9,1,1,1,0,0,2.75,3.25,2.3,,,,,,,,,,,,,,2004,英甲
E2,11/12/04,,Hartlepool,Stockport,3,1,H,1,1,D,P Robinson,11,15,7,5,14,21,6,8,1,4,0,0,1.44,3.75,7,,,,,,,,,,,,,,2004,英甲
E2,11/12/04,,Luton,Port Vale,1,0,H,0,0,D,M Fletcher,14,4,8,2,16,14,8,3,3,2,0,0,1.44,4,6,,,,,,,,,,,,,,2004,英甲
E2,11/12/04,,Milton Keynes Dons,Wrexham,3,0,H,1,0,H,P Melin,10,13,8,6,13,12,3,8,1,1,0,0,2.37,3.25,2.62,,,,,,,,,,,,,,2004,英甲
E2,11/12/04,,Oldham,Huddersfield,2,1,H,2,1,H,P Walton,11,15,6,10,9,16,10,5,2,3,0,0,2.1,3.2,3.2,,,,,,,,,,,,,,2004,英甲
E2,11/12/04,,Peterboro,Chesterfield,1,2,A,0,1,A,M Warren,8,5,6,4,16,10,13,1,2,1,0,0,2.25,3.2,2.87,,,,,,,,,,,,,,2004,英甲
E2,11/12/04,,Sheffield Weds,Brentford,1,2,A,1,0,H,M Cowburn,12,6,4,4,10,12,9,3,2,1,0,1,1.9,3.25,3.6,,,,,,,,,,,,,,2004,英甲
E2,11/12/04,,Swindon,Doncaster,1,1,D,0,1,A,F Graham,12,8,4,4,12,12,7,3,0,2,0,0,1.83,3.4,3.75,,,,,,,,,,,,,,2004,英甲
E2,11/12/04,,Torquay,Barnsley,0,1,A,0,1,A,J Singh,4,15,1,7,11,21,1,8,2,3,0,0,2.25,3.25,2.8,,,,,,,,,,,,,,2004,英甲
E2,12/02/05,,Bournemouth,Oldham,4,0,H,1,0,H,J Ross,21,13,8,5,7,4,5,4,0,1,0,0,1.8,3.3,4,,,,,,,,,,,,,,2004,英甲
E2,12/02/05,,Doncaster,Chesterfield,0,1,A,0,0,D,M Jones,6,6,1,1,9,12,3,1,1,2,0,0,1.8,3.3,4,,,,,,,,,,,,,,2004,英甲
E2,12/02/05,,Luton,Hull,1,0,H,0,0,D,M Messias,14,6,7,2,14,13,7,5,3,1,0,0,2.25,3.2,2.87,,,,,,,,,,,,,,2004,英甲
E2,12/02/05,,Milton Keynes Dons,Huddersfield,2,1,H,1,1,D,B Curson,8,15,5,8,16,11,2,2,1,1,0,0,2.3,3.3,2.7,,,,,,,,,,,,,,2004,英甲
E2,12/02/05,,Sheffield Weds,Bradford,1,2,A,0,1,A,A Leake,15,5,9,3,16,12,4,3,1,2,0,0,1.72,3.4,4.33,,,,,,,,,,,,,,2004,英甲
E2,12/02/05,,Stockport,Port Vale,1,2,A,0,1,A,N Miller,6,10,1,3,9,10,2,6,1,0,0,0,2.4,3.25,2.62,,,,,,,,,,,,,,2004,英甲
E2,12/02/05,,Swindon,Barnsley,2,1,H,1,1,D,A Hall,11,5,7,1,13,12,7,3,1,0,0,0,1.9,3.25,3.6,,,,,,,,,,,,,,2004,英甲
E2,12/02/05,,Tranmere,Colchester,1,1,D,1,0,H,S Mathieson,7,11,3,7,10,7,3,2,0,2,0,0,1.5,3.5,6.5,,,,,,,,,,,,,,2004,英甲
E2,12/02/05,,Wrexham,Torquay,1,1,D,0,1,A,C Oliver,11,6,7,5,7,8,9,2,0,1,0,0,1.9,3.25,3.6,,,,,,,,,,,,,,2004,英甲
E2,12/03/05,,Bristol City,Barnsley,0,0,D,0,0,D,M Fletcher,8,6,4,3,12,11,6,3,1,3,0,1,1.9,3.25,3.6,,,,,,,,,,,,,,2004,英甲
E2,12/03/05,,Chesterfield,Huddersfield,2,1,H,0,0,D,B Curson,9,13,5,5,18,16,0,3,3,3,0,2,2,3.25,3.4,,,,,,,,,,,,,,2004,英甲
E2,12/03/05,,Doncaster,Brentford,0,0,D,0,0,D,G Salisbury,11,13,7,6,11,17,4,7,1,2,0,0,2.25,3.25,2.8,,,,,,,,,,,,,,2004,英甲
E2,12/03/05,,Hartlepool,Tranmere,0,1,A,0,0,D,A Penn,13,7,6,3,8,14,12,7,0,3,0,0,2.25,3.25,2.8,,,,,,,,,,,,,,2004,英甲
E2,12/03/05,,Hull,Torquay,2,0,H,0,0,D,K Wright,7,7,3,3,13,16,8,2,0,2,0,0,1.44,3.75,7,,,,,,,,,,,,,,2004,英甲
E2,12/03/05,,Luton,Swindon,3,1,H,2,1,H,F Graham,8,6,4,4,14,9,2,7,1,2,0,0,1.57,3.5,5.5,,,,,,,,,,,,,,2004,英甲
E2,12/03/05,,Milton Keynes Dons,Port Vale,1,1,D,0,0,D,K Stroud,9,6,7,5,12,12,4,6,2,3,0,0,2.1,3.2,3.2,,,,,,,,,,,,,,2004,英甲
E2,12/03/05,,Peterboro,Bradford,2,2,D,2,0,H,P Melin,9,8,5,6,8,8,0,7,0,1,0,0,2.4,3.25,2.62,,,,,,,,,,,,,,2004,英甲
E2,12/03/05,,Sheffield Weds,Blackpool,3,2,H,1,0,H,K Woolmer,12,8,7,5,13,10,5,10,0,1,0,0,1.57,3.5,5.5,,,,,,,,,,,,,,2004,英甲
E2,12/03/05,,Stockport,Colchester,1,2,A,1,1,D,J Singh,14,16,9,12,14,9,6,6,1,1,0,0,2.4,3.25,2.62,,,,,,,,,,,,,,2004,英甲
E2,12/03/05,,Walsall,Bournemouth,1,2,A,1,1,D,J Singh,14,16,9,12,14,9,6,6,1,1,0,0,2.5,3.25,2.5,,,,,,,,,,,,,,2004,英甲
E2,12/03/05,,Wrexham,Oldham,1,0,H,0,0,D,C Boyeson,5,6,3,4,10,17,2,3,2,2,0,0,1.9,3.25,3.6,,,,,,,,,,,,,,2004,英甲
E2,12/04/05,,Brentford,Tranmere,1,0,H,0,0,D,G Hegley,6,3,2,1,15,9,6,2,0,2,0,0,2.25,3.2,2.75,,,,,,,,,,,,,,2004,英甲
E2,12/04/05,,Stockport,Blackpool,0,1,A,0,1,A,M Pike,8,9,5,4,13,9,4,2,1,0,0,0,2.62,3.3,2.3,,,,,,,,,,,,,,2004,英甲
E2,13/04/05,,Swindon,Bristol City,0,0,D,0,0,D,T Bates,15,11,5,6,17,15,5,5,1,3,0,0,2.2,3.25,2.8,,,,,,,,,,,,,,2004,英甲
E2,14/08/04,,Barnsley,Luton,3,4,A,1,3,A,L Mason,14,14,10,8,16,15,7,8,2,2,0,0,1.83,3.25,4,,,,,,,,,,,,,,2004,英甲
E2,14/08/04,,Blackpool,Stockport,0,4,A,0,2,A,N Miller,13,14,9,11,12,7,10,6,1,1,0,0,2.1,3.25,3.2,,,,,,,,,,,,,,2004,英甲
E2,14/08/04,,Bournemouth,Bristol City,2,2,D,1,0,H,P Crossley,12,9,6,4,8,8,9,4,0,3,0,0,2.6,3.2,2.5,,,,,,,,,,,,,,2004,英甲
E2,14/08/04,,Bradford,Doncaster,2,0,H,2,0,H,M Ryan,10,14,8,8,6,5,5,8,2,3,0,1,2.37,3.25,2.7,,,,,,,,,,,,,,2004,英甲
E2,14/08/04,,Brentford,Wrexham,1,0,H,0,0,D,T Kettle,7,4,3,1,16,15,7,3,0,0,0,0,2,3.25,3.4,,,,,,,,,,,,,,2004,英甲
E2,14/08/04,,Colchester,Peterboro,2,1,H,0,1,A,P Danson,10,8,4,6,8,16,8,1,0,2,0,0,1.9,3.4,3.6,,,,,,,,,,,,,,2004,英甲
E2,14/08/04,,Oldham,Walsall,5,3,H,2,2,D,C Webster,12,11,8,5,7,8,9,7,1,1,0,0,2.6,3.2,2.5,,,,,,,,,,,,,,2004,英甲
E2,14/08/04,,Port Vale,Hull,3,2,H,1,1,D,M Thorpe,17,15,8,8,10,11,3,5,0,1,0,0,2.5,3.3,2.5,,,,,,,,,,,,,,2004,英甲
E2,14/08/04,,Swindon,Milton Keynes Dons,2,1,H,1,1,D,T Parks,12,8,10,7,14,7,6,5,1,1,0,0,1.8,3.4,4,,,,,,,,,,,,,,2004,英甲
E2,14/08/04,,Torquay,Sheffield Weds,2,4,A,1,1,D,K Friend,9,16,6,9,11,15,5,6,3,1,0,0,2.7,3.2,2.4,,,,,,,,,,,,,,2004,英甲
E2,14/08/04,,Tranmere,Chesterfield,1,0,H,1,0,H,E Evans,14,12,8,8,12,19,5,6,2,4,0,0,1.61,3.4,5.5,,,,,,,,,,,,,,2004,英甲
E2,14/09/04,,Tranmere,Oldham,2,0,H,0,0,D,A Kaye,8,8,2,2,15,9,9,7,2,1,0,0,1.66,3.4,4.5,,,,,,,,,,,,,,2004,英甲
E2,15/01/05,,Barnsley,Huddersfield,4,2,H,3,0,H,T Kettle,13,13,9,6,16,12,4,3,3,2,1,0,2,3.25,3.4,,,,,,,,,,,,,,2004,英甲
E2,15/01/05,,Bournemouth,Sheffield Weds,1,1,D,1,0,H,M Warren,6,13,3,5,6,17,4,2,0,0,0,0,2.4,3.25,2.62,,,,,,,,,,,,,,2004,英甲
E2,15/01/05,,Bristol City,Bradford,0,0,D,0,0,D,A Woolmer,13,11,3,4,7,12,11,4,2,3,0,0,1.9,3.25,3.6,,,,,,,,,,,,,,2004,英甲
E2,15/01/05,,Hull,Peterboro,2,2,D,0,1,A,A Penn,16,8,7,7,7,13,6,6,0,1,0,0,1.4,4,7,,,,,,,,,,,,,,2004,英甲
E2,15/01/05,,Luton,Stockport,3,0,H,1,0,H,D Drysdale,17,10,8,2,7,7,11,5,0,1,0,0,1.4,4,7,,,,,,,,,,,,,,2004,英甲
E2,15/01/05,,Milton Keynes Dons,Colchester,2,0,H,2,0,H,R Booth,14,12,11,6,13,9,6,5,0,1,0,0,2.37,3.25,2.62,,,,,,,,,,,,,,2004,英甲
E2,15/01/05,,Oldham,Doncaster,1,2,A,0,1,A,G Salisbury,16,9,6,4,10,15,9,3,0,2,0,0,2,3.25,3.4,,,,,,,,,,,,,,2004,英甲
E2,15/01/05,,Port Vale,Brentford,0,1,A,0,1,A,C Oliver,10,7,5,3,13,9,16,3,0,2,0,0,2.25,3.25,2.8,,,,,,,,,,,,,,2004,英甲
E2,15/01/05,,Swindon,Blackpool,2,2,D,2,1,H,K Stroud,9,15,4,8,13,24,3,5,0,3,0,0,1.66,3.5,4.5,,,,,,,,,,,,,,2004,英甲
E2,15/01/05,,Torquay,Hartlepool,1,2,A,1,0,H,L Probert,12,8,9,5,12,14,3,6,1,1,0,0,2.5,3.25,2.5,,,,,,,,,,,,,,2004,英甲
E2,15/01/05,,Walsall,Chesterfield,3,0,H,2,0,H,G Hegley,10,9,7,6,11,7,7,6,0,0,0,0,1.9,3.4,3.5,,,,,,,,,,,,,,2004,英甲
E2,15/01/05,,Wrexham,Tranmere,1,5,A,0,2,A,E Evans,9,10,1,5,8,14,8,3,4,1,0,0,2.87,3.3,2.2,,,,,,,,,,,,,,2004,英甲
E2,15/02/05,,Colchester,Bournemouth,3,1,H,0,0,D,K Friend,16,13,12,10,10,15,10,12,0,1,0,0,2.3,3.2,2.7,,,,,,,,,,,,,,2004,英甲
E2,15/02/05,,Hartlepool,Luton,2,3,A,0,1,A,M Jones,13,13,5,6,10,19,6,3,1,0,0,0,2.3,3.2,2.7,,,,,,,,,,,,,,2004,英甲
E2,15/02/05,,Torquay,Peterboro,2,1,H,1,0,H,A Marriner,16,7,12,2,13,12,5,4,1,3,0,0,2,3.25,3.25,,,,,,,,,,,,,,2004,英甲
E2,15/03/05,,Oldham,Brentford,0,2,A,0,0,D,M Jones,7,10,2,4,8,20,2,7,0,2,0,0,2.5,3.2,2.5,,,,,,,,,,,,,,2004,英甲
E2,15/04/05,,Hartlepool,Sheffield Weds,3,0,H,2,0,H,E Evans,11,12,7,7,9,17,6,9,1,1,0,0,2.2,3.25,2.8,,,,,,,,,,,,,,2004,英甲
E2,16/04/05,,Barnsley,Oldham,2,2,D,1,1,D,C Oliver,11,17,10,13,16,10,7,9,0,2,0,0,1.83,3.25,3.75,,,,,,,,,,,,,,2004,英甲
E2,16/04/05,,Bradford,Brentford,4,1,H,4,0,H,K Wright,15,11,8,6,13,14,4,7,1,2,0,0,2.7,3.2,2.3,,,,,,,,,,,,,,2004,英甲
E2,16/04/05,,Bristol City,Wrexham,1,0,H,0,0,D,P Melin,16,6,9,2,11,12,8,3,0,1,0,0,1.72,3.5,4,,,,,,,,,,,,,,2004,英甲
E2,16/04/05,,Chesterfield,Bournemouth,2,3,A,1,0,H,L Probert,16,14,11,9,13,15,8,3,2,2,0,0,2.5,3.4,2.37,,,,,,,,,,,,,,2004,英甲
E2,16/04/05,,Huddersfield,Colchester,2,2,D,1,1,D,K Woolmer,3,5,2,2,6,11,0,6,0,1,0,0,1.8,3.25,4,,,,,,,,,,,,,,2004,英甲
E2,16/04/05,,Hull,Swindon,0,0,D,0,0,D,M Jones,19,10,8,4,11,24,9,2,0,2,0,0,1.44,3.75,6.5,,,,,,,,,,,,,,2004,英甲
E2,16/04/05,,Luton,Milton Keynes Dons,1,0,H,1,0,H,J Singh,12,5,3,2,15,20,5,2,1,3,0,0,1.44,3.75,6.5,,,,,,,,,,,,,,2004,英甲
E2,16/04/05,,Peterboro,Walsall,0,2,A,0,0,D,B Curson,8,19,2,10,10,10,2,6,0,1,0,0,2.37,3.4,2.5,,,,,,,,,,,,,,2004,英甲
E2,16/04/05,,Stockport,Doncaster,2,4,A,2,1,H,Paul Danson,5,17,2,12,10,17,3,5,1,1,0,0,2.75,3.4,2.2,,,,,,,,,,,,,,2004,英甲
E2,16/04/05,,Torquay,Port Vale,1,0,H,0,0,D,F Graham,11,9,5,6,9,11,11,7,1,4,0,0,2.2,3.4,2.75,,,,,,,,,,,,,,2004,英甲
E2,16/04/05,,Tranmere,Blackpool,0,0,D,0,0,D,D Drysdale,14,10,6,6,7,14,7,3,1,3,0,0,1.53,3.5,5.5,,,,,,,,,,,,,,2004,英甲
E2,16/08/04,,Huddersfield,Hartlepool,0,2,A,0,0,D,A Hall,16,10,4,7,8,7,7,3,1,1,0,0,2.5,3.25,2.7,,,,,,,,,,,,,,2004,英甲
E2,16/10/04,,Blackpool,Colchester,1,1,D,1,0,H,A Penn,15,5,7,3,16,12,10,1,3,4,0,0,2.2,3.3,2.87,,,,,,,,,,,,,,2004,英甲
E2,16/10/04,,Bournemouth,Port Vale,4,0,H,3,0,H,A Marriner,19,11,11,7,11,10,3,7,0,2,0,0,1.8,3.3,4,,,,,,,,,,,,,,2004,英甲
E2,16/10/04,,Bristol City,Hull,3,1,H,1,0,H,R Olivier,23,8,11,3,8,12,7,1,0,0,0,0,2.2,3.3,2.87,,,,,,,,,,,,,,2004,英甲
E2,16/10/04,,Doncaster,Torquay,2,2,D,2,1,H,E Evans,13,9,5,6,15,8,4,7,3,2,0,0,1.8,3.3,4,,,,,,,,,,,,,,2004,英甲
E2,16/10/04,,Hartlepool,Chesterfield,3,2,H,2,1,H,P Prosser,17,6,10,3,7,12,13,6,1,0,0,0,1.83,3.4,3.75,,,,,,,,,,,,,,2004,英甲
E2,16/10/04,,Luton,Huddersfield,1,2,A,0,2,A,G Lewis,15,12,4,5,23,16,6,3,2,4,0,0,1.57,3.5,5.5,,,,,,,,,,,,,,2004,英甲
E2,16/10/04,,Milton Keynes Dons,Brentford,0,0,D,0,0,D,P Danson,4,2,1,1,11,12,3,9,2,3,0,1,2.62,3.25,2.4,,,,,,,,,,,,,,2004,英甲
E2,16/10/04,,Stockport,Peterboro,1,0,H,0,0,D,P Joslin,10,6,5,2,13,14,2,2,1,1,0,0,2.25,3.25,2.8,,,,,,,,,,,,,,2004,英甲
E2,16/10/04,,Swindon,Oldham,1,0,H,1,0,H,S Tomlin,11,6,6,4,14,19,9,2,2,2,0,0,1.61,3.5,5,,,,,,,,,,,,,,2004,英甲
E2,16/10/04,,Tranmere,Bradford,4,5,A,1,1,D,G Hegley,12,14,8,9,16,17,7,6,0,1,0,0,1.72,3.4,4.33,,,,,,,,,,,,,,2004,英甲
E2,16/10/04,,Wrexham,Walsall,1,1,D,1,0,H,S Tanner,10,14,2,5,7,8,7,8,0,0,0,0,1.9,3.4,3.5,,,,,,,,,,,,,,2004,英甲
E2,17/10/04,,Sheffield Weds,Barnsley,1,0,H,1,0,H,A Kaye,19,8,7,3,14,12,8,6,1,2,0,0,2,3.25,3.4,,,,,,,,,,,,,,2004,英甲
E2,18/03/05,,Tranmere,Peterboro,5,0,H,3,0,H,A Hall,11,6,7,3,13,14,7,9,0,0,0,0,1.4,3.75,7.5,,,,,,,,,,,,,,2004,英甲
E2,18/09/04,,Blackpool,Swindon,1,1,D,1,0,H,C Boyeson,6,13,5,6,13,16,3,4,2,1,0,0,2.75,3.25,2.3,,,,,,,,,,,,,,2004,英甲
E2,18/09/04,,Bradford,Bristol City,4,1,H,2,0,H,T Parkes,10,14,9,7,12,9,5,9,0,2,0,0,2.75,3.25,2.3,,,,,,,,,,,,,,2004,英甲
E2,18/09/04,,Brentford,Port Vale,1,0,H,1,0,H,C Penton,16,10,6,5,22,5,5,5,1,1,0,1,2.1,3.2,3.2,,,,,,,,,,,,,,2004,英甲
E2,18/09/04,,Chesterfield,Walsall,1,0,H,1,0,H,G Salisbury,12,9,3,4,11,15,3,9,1,3,0,0,2.2,3.2,3,,,,,,,,,,,,,,2004,英甲
E2,18/09/04,,Colchester,Milton Keynes Dons,0,1,A,0,1,A,E Evans,10,16,5,8,9,17,3,7,1,2,0,0,1.57,3.5,5.5,,,,,,,,,,,,,,2004,英甲
E2,18/09/04,,Doncaster,Oldham,1,1,D,1,1,D,J P Robinson,11,10,3,5,10,9,7,3,2,4,0,0,1.83,3.4,3.75,,,,,,,,,,,,,,2004,英甲
E2,18/09/04,,Hartlepool,Torquay,4,1,H,1,1,D,M Cowburn,15,12,9,8,12,10,8,2,2,1,0,0,1.72,3.4,4.33,,,,,,,,,,,,,,2004,英甲
E2,18/09/04,,Huddersfield,Barnsley,0,2,A,0,2,A,M Ryan,11,3,1,1,6,11,4,3,2,2,1,0,2,3.25,3.4,,,,,,,,,,,,,,2004,英甲
E2,18/09/04,,Peterboro,Hull,2,3,A,1,1,D,L Probert,7,11,4,9,15,13,3,5,0,0,0,0,2.5,3.25,2.5,,,,,,,,,,,,,,2004,英甲
E2,18/09/04,,Sheffield Weds,Bournemouth,0,1,A,0,1,A,M Warren,13,4,4,1,6,8,9,3,0,0,0,0,1.72,3.4,4.33,,,,,,,,,,,,,,2004,英甲
E2,18/09/04,,Stockport,Luton,1,3,A,0,2,A,P Prosser,7,9,3,7,14,13,5,4,2,0,0,0,3.4,3.25,2,,,,,,,,,,,,,,2004,英甲
E2,18/09/04,,Tranmere,Wrexham,1,1,D,0,1,A,A Marriner,13,7,5,3,10,15,5,4,0,3,1,1,1.72,3.25,4.5,,,,,,,,,,,,,,2004,英甲
E2,18/12/04,,Barnsley,Peterboro,4,0,H,1,0,H,N Miller,17,5,9,2,5,7,5,8,1,2,0,0,1.72,3.6,4,,,,,,,,,,,,,,2004,英甲
E2,18/12/04,,Bournemouth,Swindon,2,1,H,0,0,D,P Taylor,14,5,8,3,15,21,7,2,0,2,0,0,1.83,3.4,3.75,,,,,,,,,,,,,,2004,英甲
E2,18/12/04,,Brentford,Colchester,1,0,H,1,0,H,P Robinson,6,5,3,3,12,11,4,7,1,2,0,0,1.61,3.5,5,,,,,,,,,,,,,,2004,英甲
E2,18/12/04,,Bristol City,Luton,1,2,A,0,1,A,S Mathieson,9,10,4,8,11,16,1,3,4,2,0,0,2.4,3.25,2.62,,,,,,,,,,,,,,2004,英甲
E2,18/12/04,,Chesterfield,Torquay,1,1,D,0,0,D,E Evans,13,8,11,3,12,15,9,1,3,1,0,0,1.61,3.5,5,,,,,,,,,,,,,,2004,英甲
E2,18/12/04,,Huddersfield,Bradford,0,1,A,0,1,A,P Joslin,13,10,3,4,17,15,6,9,1,2,0,0,2.25,3.1,3,,,,,,,,,,,,,,2004,英甲
E2,18/12/04,,Hull,Tranmere,6,1,H,1,0,H,L Mason,10,12,6,6,16,12,5,8,2,1,0,0,2.1,3.2,3.2,,,,,,,,,,,,,,2004,英甲
E2,18/12/04,,Port Vale,Oldham,3,1,H,1,1,D,M Jones,11,9,6,6,20,10,5,1,1,0,0,0,2.25,3.4,2.75,,,,,,,,,,,,,,2004,英甲
E2,18/12/04,,Stockport,Milton Keynes Dons,3,1,H,2,0,H,A Penn,10,6,6,3,14,16,5,10,1,3,0,0,2.3,3.25,2.75,,,,,,,,,,,,,,2004,英甲
E2,18/12/04,,Walsall,Blackpool,3,2,H,1,1,D,K Friend,14,19,11,8,14,12,7,7,2,3,0,0,1.8,3.3,4,,,,,,,,,,,,,,2004,英甲
E2,18/12/04,,Wrexham,Hartlepool,1,5,A,1,4,A,P Danson,7,9,4,7,8,11,7,2,0,0,0,0,2.37,3.25,2.62,,,,,,,,,,,,,,2004,英甲
E2,19/02/05,,Barnsley,Bournemouth,0,1,A,0,0,D,P Danson,14,7,5,4,16,8,6,5,3,0,0,0,2.25,3.25,2.8,,,,,,,,,,,,,,2004,英甲
E2,19/02/05,,Bradford,Luton,0,1,A,0,1,A,U Rennie,15,8,9,3,16,16,2,3,3,1,0,0,2.62,3.25,2.4,,,,,,,,,,,,,,2004,英甲
E2,19/02/05,,Chesterfield,Sheffield Weds,1,3,A,0,1,A,R Olivier,10,14,5,11,9,17,4,10,1,1,0,0,2.5,3.25,2.5,,,,,,,,,,,,,,2004,英甲
E2,19/02/05,,Colchester,Bristol City,0,2,A,0,0,D,P Taylor,8,19,4,10,12,13,2,5,3,3,0,0,2.37,3.25,2.62,,,,,,,,,,,,,,2004,英甲
E2,19/02/05,,Huddersfield,Blackpool,1,0,H,1,0,H,C Webster,9,7,5,2,12,11,2,11,1,0,1,0,2,3.25,3.4,,,,,,,,,,,,,,2004,英甲
E2,19/02/05,,Hull,Wrexham,2,1,H,1,0,H,M Warren,21,11,14,5,9,6,5,2,1,1,0,0,1.5,3.5,6.5,,,,,,,,,,,,,,2004,英甲
E2,19/02/05,,Oldham,Stockport,1,2,A,0,1,A,M Cowburn,16,12,9,6,12,18,8,7,1,0,0,0,1.66,3.5,4.5,,,,,,,,,,,,,,2004,英甲
E2,19/02/05,,Peterboro,Doncaster,0,2,A,0,0,D,P Armstrong,10,11,4,8,14,14,3,11,1,0,0,0,2.37,3.25,2.62,,,,,,,,,,,,,,2004,英甲
E2,19/02/05,,Port Vale,Hartlepool,0,1,A,0,1,A,A Leake,17,9,5,5,15,12,4,4,1,0,0,0,2.37,3.25,2.62,,,,,,,,,,,,,,2004,英甲
E2,19/02/05,,Torquay,Swindon,2,2,D,1,1,D,C Penton,14,12,6,6,9,16,8,6,2,2,0,0,2.5,3.25,2.5,,,,,,,,,,,,,,2004,英甲
E2,19/02/05,,Walsall,Milton Keynes Dons,0,0,D,0,0,D,L Probert,5,7,3,4,15,12,9,2,1,1,0,0,1.66,3.5,4.5,,,,,,,,,,,,,,2004,英甲
E2,19/03/05,,Barnsley,Milton Keynes Dons,1,1,D,1,0,H,T Leake,14,14,6,7,8,8,9,6,1,1,0,0,1.83,3.25,3.75,,,,,,,,,,,,,,2004,英甲
E2,19/03/05,,Blackpool,Doncaster,1,1,D,0,1,A,L Mason,11,17,7,10,9,12,5,12,0,3,1,0,2.1,3.25,3,,,,,,,,,,,,,,2004,英甲
E2,19/03/05,,Bournemouth,Hull,0,4,A,0,2,A,A Penn,8,12,3,7,9,6,5,0,0,1,1,0,2.5,3.2,2.5,,,,,,,,,,,,,,2004,英甲
E2,19/03/05,,Bradford,Hartlepool,1,2,A,0,1,A,P Joslin,11,13,6,5,9,8,4,5,2,1,0,0,2.2,3.25,2.8,,,,,,,,,,,,,,2004,英甲
E2,19/03/05,,Brentford,Chesterfield,2,2,D,0,1,A,I Williamson,8,4,6,4,13,26,7,1,0,4,0,0,1.72,3.5,4,,,,,,,,,,,,,,2004,英甲
E2,19/03/05,,Colchester,Sheffield Weds,1,1,D,0,0,D,R Beeby,17,13,10,7,10,16,6,8,0,2,0,0,3,3.25,2.1,,,,,,,,,,,,,,2004,英甲
E2,19/03/05,,Huddersfield,Stockport,5,3,H,1,1,D,R Olivier,9,4,5,2,8,12,9,8,1,2,0,0,1.66,3.4,4.5,,,,,,,,,,,,,,2004,英甲
E2,19/03/05,,Oldham,Luton,2,2,D,1,1,D,C Webster,13,11,7,6,12,10,4,2,2,2,0,0,3.5,3.25,1.9,,,,,,,,,,,,,,2004,英甲
E2,19/03/05,,Port Vale,Walsall,2,0,H,0,0,D,M Pike,12,5,9,2,2,9,6,9,1,0,0,0,2.1,3.25,3,,,,,,,,,,,,,,2004,英甲
E2,19/03/05,,Swindon,Wrexham,4,2,H,1,2,A,D Drysdale,8,8,5,5,8,8,7,0,0,1,0,0,1.72,3.5,4,,,,,,,,,,,,,,2004,英甲
E2,19/03/05,,Torquay,Bristol City,0,4,A,0,3,A,M Warren,14,16,10,14,13,11,10,6,2,2,0,0,2.6,3.2,2.4,,,,,,,,,,,,,,2004,英甲
E2,19/10/04,,Bradford,Blackpool,2,1,H,1,0,H,D Drysdale,12,9,5,5,14,21,4,6,0,1,0,0,1.72,3.4,4.33,,,,,,,,,,,,,,2004,英甲
E2,19/10/04,,Brentford,Hartlepool,2,1,H,1,1,D,I Williamson,4,7,2,6,14,13,5,8,2,2,0,0,1.8,3.3,4,,,,,,,,,,,,,,2004,英甲
E2,19/10/04,,Colchester,Wrexham,1,2,A,0,0,D,K Stroud,17,16,8,10,10,8,5,6,1,3,0,0,1.83,3.2,4,,,,,,,,,,,,,,2004,英甲
E2,19/10/04,,Huddersfield,Tranmere,1,3,A,1,1,D,S Tanner,14,5,5,4,13,19,8,2,1,2,0,0,2.25,3.25,2.8,,,,,,,,,,,,,,2004,英甲
E2,19/10/04,,Oldham,Bristol City,0,0,D,0,0,D,M Warren,12,17,5,9,19,13,4,5,2,1,1,0,2.5,3.25,2.5,,,,,,,,,,,,,,2004,英甲
E2,19/10/04,,Peterboro,Sheffield Weds,1,1,D,1,0,H,J Ross,5,7,4,3,15,16,2,3,1,1,0,0,2.5,3.25,2.5,,,,,,,,,,,,,,2004,英甲
E2,19/10/04,,Port Vale,Swindon,1,0,H,0,0,D,N Miller,2,3,1,0,4,8,5,7,1,1,0,0,2.5,3.25,2.5,,,,,,,,,,,,,,2004,英甲
E2,19/10/04,,Torquay,Bournemouth,1,2,A,0,0,D,P Danson,10,14,7,7,8,12,3,7,0,0,0,0,2.5,3.25,2.5,,,,,,,,,,,,,,2004,英甲
E2,19/10/04,,Walsall,Luton,2,0,H,1,0,H,C Foy,10,15,3,7,17,8,1,8,1,3,0,0,2.8,3.25,2.25,,,,,,,,,,,,,,2004,英甲
E2,19/12/04,,Doncaster,Sheffield Weds,0,4,A,0,1,A,A Hall,12,9,5,4,10,25,4,4,3,3,0,0,2.4,3.25,2.62,,,,,,,,,,,,,,2004,英甲
E2,20/10/04,,Barnsley,Doncaster,1,3,A,0,1,A,M Atkinson,16,12,11,8,17,9,9,8,3,0,1,1,1.9,3.25,3.6,,,,,,,,,,,,,,2004,英甲
E2,20/10/04,,Chesterfield,Stockport,4,0,H,2,0,H,C Boyeson,20,2,11,1,12,14,9,7,0,2,0,0,1.66,3.5,4.5,,,,,,,,,,,,,,2004,英甲
E2,20/10/04,,Hull,Milton Keynes Dons,3,2,H,1,1,D,G Hegley,12,9,8,4,10,3,5,4,0,1,0,0,1.5,3.75,6,,,,,,,,,,,,,,2004,英甲
E2,20/11/04,,Blackpool,Tranmere,0,1,A,0,1,A,T Parkes,13,13,8,9,8,12,11,12,2,2,0,0,2.62,3.25,2.4,,,,,,,,,,,,,,2004,英甲
E2,20/11/04,,Bournemouth,Chesterfield,0,0,D,0,0,D,J Singh,10,6,1,3,15,7,10,1,4,2,0,0,1.72,3.4,4.33,,,,,,,,,,,,,,2004,英甲
E2,20/11/04,,Brentford,Bradford,1,2,A,0,1,A,F Graham,15,10,9,7,11,6,8,3,4,1,1,1,2,3.25,3.4,,,,,,,,,,,,,,2004,英甲
E2,20/11/04,,Colchester,Huddersfield,0,0,D,0,0,D,M Russell,13,7,7,6,14,13,6,2,0,1,0,0,2.2,3.2,3,,,,,,,,,,,,,,2004,英甲
E2,20/11/04,,Doncaster,Stockport,3,1,H,1,0,H,K Woolmer,17,8,14,2,12,10,12,5,0,2,0,0,1.66,3.5,4.5,,,,,,,,,,,,,,2004,英甲
E2,20/11/04,,Milton Keynes Dons,Luton,1,4,A,1,2,A,G Salisbury,14,17,9,13,12,19,8,18,2,1,0,0,3.4,3.25,2,,,,,,,,,,,,,,2004,英甲
E2,20/11/04,,Oldham,Barnsley,3,2,H,1,1,D,D Drysdale,10,10,8,5,7,12,7,6,1,0,0,0,2.1,3.2,3.2,,,,,,,,,,,,,,2004,英甲
E2,20/11/04,,Port Vale,Torquay,1,2,A,0,1,A,R Booth,13,13,4,11,4,13,8,4,0,0,0,0,1.8,3.3,4,,,,,,,,,,,,,,2004,英甲
E2,20/11/04,,Sheffield Weds,Hartlepool,2,0,H,0,0,D,B Curson,16,6,7,0,12,4,6,6,0,2,0,0,1.9,3.25,3.6,,,,,,,,,,,,,,2004,英甲
E2,20/11/04,,Swindon,Hull,4,2,H,1,1,D,M Dean,13,7,6,5,11,8,3,4,0,0,0,0,2.3,3.25,2.75,,,,,,,,,,,,,,2004,英甲
E2,20/11/04,,Walsall,Peterboro,2,1,H,0,1,A,K Stroud,22,15,11,5,12,19,7,5,1,1,0,0,1.9,3.25,3.6,,,,,,,,,,,,,,2004,英甲
E2,20/11/04,,Wrexham,Bristol City,1,3,A,0,2,A,K Hill,7,8,2,7,17,12,4,6,2,2,0,0,2.62,3.25,2.4,,,,,,,,,,,,,,2004,英甲
E2,21/01/05,,Sheffield Weds,Port Vale,1,0,H,1,0,H,J Singh,11,6,4,1,14,18,1,1,1,1,0,0,1.53,3.75,6.5,,,,,,,,,,,,,,2004,英甲
E2,21/08/04,,Bristol City,Swindon,1,2,A,1,1,D,L Cable,12,12,8,8,12,28,5,5,2,4,0,1,1.9,3.25,3.5,,,,,,,,,,,,,,2004,英甲
E2,21/08/04,,Chesterfield,Colchester,2,1,H,1,1,D,A Hall,15,7,9,5,15,13,2,4,1,1,0,1,2.37,3.2,2.62,,,,,,,,,,,,,,2004,英甲
E2,21/08/04,,Doncaster,Tranmere,0,0,D,0,0,D,M Thorpe,15,11,7,7,12,12,5,7,0,2,0,0,2.5,3.2,2.5,,,,,,,,,,,,,,2004,英甲
E2,21/08/04,,Hartlepool,Blackpool,1,1,D,1,0,H,J P Robinson,14,8,6,3,16,11,4,5,1,1,0,0,1.66,3.4,4.5,,,,,,,,,,,,,,2004,英甲
E2,21/08/04,,Hull,Oldham,2,0,H,2,0,H,N Miller,15,8,8,2,11,9,8,7,0,2,0,0,1.66,3.4,4.5,,,,,,,,,,,,,,2004,英甲
E2,21/08/04,,Luton,Torquay,1,0,H,1,0,H,M Fletcher,14,5,4,0,15,9,8,3,0,2,0,0,1.57,3.4,5.5,,,,,,,,,,,,,,2004,英甲
E2,21/08/04,,Milton Keynes Dons,Bournemouth,1,3,A,0,1,A,B Curson,12,12,4,8,12,14,3,10,0,1,0,0,2.25,3.25,2.75,,,,,,,,,,,,,,2004,英甲
E2,21/08/04,,Peterboro,Brentford,3,0,H,1,0,H,L Mason,14,5,7,1,14,11,5,3,1,1,0,0,2.25,3.25,2.75,,,,,,,,,,,,,,2004,英甲
E2,21/08/04,,Sheffield Weds,Huddersfield,1,0,H,1,0,H,R Beeby,11,11,5,8,16,11,0,7,0,1,0,0,1.8,3.25,4,,,,,,,,,,,,,,2004,英甲
E2,21/08/04,,Stockport,Bradford,0,1,A,0,0,D,A Bates,13,13,7,7,7,10,10,9,0,2,0,0,2.2,3.25,2.8,,,,,,,,,,,,,,2004,英甲
E2,21/08/04,,Walsall,Barnsley,2,2,D,1,1,D,K Wright,8,13,6,5,9,14,6,4,0,1,0,0,2,3.25,3.25,,,,,,,,,,,,,,2004,英甲
E2,21/08/04,,Wrexham,Port Vale,1,1,D,0,0,D,T Parkes,12,7,4,3,10,9,8,4,2,2,0,0,2.2,3.25,2.8,,,,,,,,,,,,,,2004,英甲
E2,22/01/05,,Blackpool,Milton Keynes Dons,1,0,H,1,0,H,E Evans,5,13,3,7,21,20,2,9,4,2,0,0,1.9,3.4,3.5,,,,,,,,,,,,,,2004,英甲
E2,22/01/05,,Bradford,Torquay,2,2,D,2,2,D,M Cowburn,14,13,7,5,11,17,5,5,1,3,0,0,1.72,3.4,4.33,,,,,,,,,,,,,,2004,英甲
E2,22/01/05,,Brentford,Swindon,2,1,H,1,1,D,P Crossley,12,7,7,2,14,16,7,2,2,1,0,0,1.9,3.25,3.6,,,,,,,,,,,,,,2004,英甲
E2,22/01/05,,Chesterfield,Wrexham,2,4,A,1,2,A,T Parkes,15,7,8,6,14,13,8,2,1,2,0,0,1.72,3.4,4.33,,,,,,,,,,,,,,2004,英甲
E2,22/01/05,,Colchester,Luton,0,0,D,0,0,D,T Parkes,15,7,8,6,14,13,8,2,1,2,0,0,3.2,3.2,2.1,,,,,,,,,,,,,,2004,英甲
E2,22/01/05,,Doncaster,Hull,1,0,H,0,0,D,R Beeby,10,8,3,2,15,14,10,6,2,4,0,1,2.75,3.25,2.3,,,,,,,,,,,,,,2004,英甲
E2,22/01/05,,Hartlepool,Bristol City,2,1,H,1,1,D,B Curson,16,9,8,6,9,11,7,6,0,2,0,0,2.1,3.2,3.2,,,,,,,,,,,,,,2004,英甲
E2,22/01/05,,Huddersfield,Bournemouth,3,2,H,3,1,H,M Jones,10,14,6,6,8,19,3,4,1,2,0,0,2.3,3.25,2.75,,,,,,,,,,,,,,2004,英甲
E2,22/01/05,,Peterboro,Oldham,1,2,A,1,1,D,C Oliver,7,9,5,3,9,17,8,5,1,5,1,0,2.1,3.4,3,,,,,,,,,,,,,,2004,英甲
E2,22/01/05,,Stockport,Barnsley,2,2,D,1,1,D,M Warren,11,8,3,5,8,20,5,7,1,1,0,0,2.87,3.3,2.2,,,,,,,,,,,,,,2004,英甲
E2,22/01/05,,Tranmere,Walsall,2,1,H,1,0,H,P Prosser,7,4,4,2,11,13,4,2,0,0,0,0,1.57,3.5,5.5,,,,,,,,,,,,,,2004,英甲
E2,22/02/05,,Blackpool,Bradford,2,1,H,0,0,D,M Fletcher,20,7,14,5,14,9,9,4,3,2,0,0,2.3,3.2,2.7,,,,,,,,,,,,,,2004,英甲
E2,22/02/05,,Bournemouth,Torquay,3,0,H,1,0,H,G Hegley,16,11,9,6,8,4,4,0,1,2,0,0,1.72,3.5,4,,,,,,,,,,,,,,2004,英甲
E2,22/02/05,,Bristol City,Oldham,5,1,H,3,0,H,A Penn,14,14,10,7,12,10,8,4,1,2,0,0,1.61,3.4,5,,,,,,,,,,,,,,2004,英甲
E2,22/02/05,,Doncaster,Barnsley,4,0,H,2,0,H,U Rennie,12,5,9,4,16,18,6,6,0,3,0,1,1.9,3.25,3.5,,,,,,,,,,,,,,2004,英甲
E2,22/02/05,,Hartlepool,Brentford,3,1,H,0,0,D,C Boyeson,14,2,9,2,6,16,10,2,0,1,0,0,1.9,3.25,3.5,,,,,,,,,,,,,,2004,英甲
E2,22/02/05,,Luton,Walsall,1,0,H,0,0,D,K Wright,12,5,4,0,12,13,9,6,0,1,0,0,1.53,3.4,6,,,,,,,,,,,,,,2004,英甲
E2,22/02/05,,Milton Keynes Dons,Hull,1,1,D,0,0,D,M Russell,10,10,3,4,19,15,5,7,1,0,0,0,3,3.25,2.1,,,,,,,,,,,,,,2004,英甲
E2,22/02/05,,Stockport,Chesterfield,1,2,A,1,0,H,P Robinson,11,6,4,4,15,8,7,6,1,2,0,0,2.5,3.2,2.5,,,,,,,,,,,,,,2004,英甲
E2,22/02/05,,Tranmere,Huddersfield,3,0,H,2,0,H,M Pike,14,8,10,2,10,14,8,9,1,2,0,0,1.57,3.4,5.5,,,,,,,,,,,,,,2004,英甲
E2,22/02/05,,Wrexham,Colchester,2,2,D,0,0,D,G Salisbury,7,14,3,9,14,11,3,6,0,1,0,0,2.2,3.25,2.8,,,,,,,,,,,,,,2004,英甲
E2,22/03/05,,Blackpool,Brentford,2,1,H,2,0,H,T Bates,10,7,5,3,13,23,2,7,1,6,0,1,2.3,3.2,2.7,,,,,,,,,,,,,,2004,英甲
E2,23/02/05,,Sheffield Weds,Peterboro,2,1,H,1,1,D,R Booth,7,7,6,4,6,5,2,9,0,3,0,0,1.4,3.75,7.5,,,,,,,,,,,,,,2004,英甲
E2,23/02/05,,Swindon,Port Vale,1,0,H,1,0,H,K Friend,14,9,8,5,16,13,14,4,1,3,0,0,1.66,3.4,4.5,,,,,,,,,,,,,,2004,英甲
E2,23/04/05,,Blackpool,Chesterfield,1,0,H,1,0,H,�C Oliver,10,14,6,10,19,16,4,7,1,4,0,0,1.9,3.25,3.5,,,,,,,,,,,,,,2004,英甲
E2,23/04/05,,Bournemouth,Peterboro,0,1,A,0,1,A,�P Armstrong,21,10,12,3,11,11,13,2,0,1,0,0,1.4,4,6.5,,,,,,,,,,,,,,2004,英甲
E2,23/04/05,,Brentford,Huddersfield,0,1,A,0,1,A,�P Taylor,8,4,4,2,15,17,7,2,3,3,0,0,1.61,3.4,5,,,,,,,,,,,,,,2004,英甲
E2,23/04/05,,Colchester,Bradford,0,0,D,0,0,D,�T Parkes,18,15,10,6,10,13,3,4,1,1,0,0,2.25,3.25,2.75,,,,,,,,,,,,,,2004,英甲
E2,23/04/05,,Doncaster,Hartlepool,2,0,H,0,0,D,�P Melin,11,9,6,4,10,7,6,8,0,1,0,0,2.5,3.4,2.37,,,,,,,,,,,,,,2004,英甲
E2,23/04/05,,Milton Keynes Dons,Bristol City,1,2,A,1,1,D,�D Drysdale,21,16,13,12,7,10,8,3,1,2,0,0,2.25,3.5,2.6,,,,,,,,,,,,,,2004,英甲
E2,23/04/05,,Oldham,Torquay,1,2,A,1,1,D,�C Boyeson,6,16,5,13,16,19,3,4,2,1,0,0,2.1,3.25,3,,,,,,,,,,,,,,2004,英甲
E2,23/04/05,,Port Vale,Barnsley,5,0,H,2,0,H,�M Fletcher,13,3,9,2,10,6,7,2,3,2,0,0,2.1,3.4,2.87,,,,,,,,,,,,,,2004,英甲
E2,23/04/05,,Sheffield Weds,Stockport,0,0,D,0,0,D,�G Hegley,12,1,7,0,1,4,7,2,0,4,0,0,1.33,4.33,7.5,,,,,,,,,,,,,,2004,英甲
E2,23/04/05,,Swindon,Tranmere,2,1,H,0,1,A,�K Stroud,8,8,4,3,16,13,3,4,2,1,0,0,2.6,3.2,2.4,,,,,,,,,,,,,,2004,英甲
E2,23/04/05,,Walsall,Hull,3,0,H,1,0,H,�M Messias,21,7,11,4,11,11,7,2,0,1,0,0,2.75,3.4,2.2,,,,,,,,,,,,,,2004,英甲
E2,23/04/05,,Wrexham,Luton,1,2,A,1,0,H,�S Tanner,5,11,1,4,13,15,0,4,2,0,0,0,3,3.5,2,,,,,,,,,,,,,,2004,英甲
E2,23/10/04,,Barnsley,Swindon,2,2,D,1,1,D,A Hall,12,8,4,2,11,11,8,10,2,2,1,0,2.3,3.4,2.62,,,,,,,,,,,,,,2004,英甲
E2,23/10/04,,Bradford,Sheffield Weds,3,1,H,0,0,D,M Pike,7,12,3,6,9,9,5,12,0,0,0,0,2.1,3.4,3,,,,,,,,,,,,,,2004,英甲
E2,23/10/04,,Brentford,Blackpool,0,3,A,0,1,A,M Fletcher,5,7,3,4,15,9,9,3,0,4,0,0,1.61,3.5,5,,,,,,,,,,,,,,2004,英甲
E2,23/10/04,,Chesterfield,Doncaster,0,0,D,0,0,D,R Styles,10,9,5,5,9,11,5,6,1,2,0,0,2,3.25,3.4,,,,,,,,,,,,,,2004,英甲
E2,23/10/04,,Colchester,Tranmere,1,2,A,0,1,A,K Hill,7,13,4,9,7,12,9,7,0,0,0,0,2.5,3.25,2.5,,,,,,,,,,,,,,2004,英甲
E2,23/10/04,,Huddersfield,Milton Keynes Dons,3,1,H,3,0,H,C Oliver,7,3,6,2,7,5,6,3,0,1,0,0,1.66,3.5,4.5,,,,,,,,,,,,,,2004,英甲
E2,23/10/04,,Hull,Luton,3,0,H,3,0,H,T Parkes,20,16,13,7,13,8,9,6,2,3,0,1,2.3,3.4,2.62,,,,,,,,,,,,,,2004,英甲
E2,23/10/04,,Oldham,Bournemouth,1,2,A,1,0,H,G Laws,13,16,7,8,8,12,5,2,0,2,0,0,2.62,3.25,2.4,,,,,,,,,,,,,,2004,英甲
E2,23/10/04,,Peterboro,Hartlepool,3,0,H,2,0,H,J Singh,7,8,5,4,20,13,9,3,3,2,1,0,2.37,3.3,2.6,,,,,,,,,,,,,,2004,英甲
E2,23/10/04,,Port Vale,Stockport,0,0,D,0,0,D,B Curson,7,6,1,3,7,8,8,7,0,0,1,1,1.8,3.3,4,,,,,,,,,,,,,,2004,英甲
E2,23/10/04,,Walsall,Bristol City,1,2,A,0,0,D,M Cowburn,11,13,5,6,15,14,4,3,1,2,0,0,2.3,3.25,2.75,,,,,,,,,,,,,,2004,英甲
E2,23/11/04,,Torquay,Wrexham,1,0,H,0,0,D,M Russell,11,15,2,12,15,16,3,8,0,2,0,0,1.9,3.25,3.5,,,,,,,,,,,,,,2004,英甲
E2,24/03/05,,Doncaster,Bradford,1,1,D,1,1,D,P Crossley,11,15,5,5,10,6,7,3,1,4,0,0,2.1,3.25,3,,,,,,,,,,,,,,2004,英甲
E2,25/01/05,,Brentford,Barnsley,1,1,D,0,1,A,K Friend,9,8,6,6,19,18,6,5,3,3,0,0,1.83,3.25,3.75,,,,,,,,,,,,,,2004,英甲
E2,25/01/05,,Colchester,Walsall,5,0,H,4,0,H,M Thorpe,14,14,8,7,7,9,8,6,0,0,0,0,2.1,3.25,3,,,,,,,,,,,,,,2004,英甲
E2,25/03/05,,Hartlepool,Huddersfield,0,1,A,0,1,A,M Pike,16,5,10,2,5,18,7,2,1,1,0,1,1.66,3.4,4.5,,,,,,,,,,,,,,2004,英甲
E2,25/03/05,,Luton,Barnsley,1,3,A,0,3,A,P Joslin,15,17,9,9,17,18,7,13,3,1,1,0,1.53,3.75,6.5,,,,,,,,,,,,,,2004,英甲
E2,25/03/05,,Milton Keynes Dons,Swindon,1,1,D,1,1,D,P Taylor,6,11,4,3,9,16,9,4,2,2,0,0,2.37,3.2,2.62,,,,,,,,,,,,,,2004,英甲
E2,25/03/05,,Peterboro,Colchester,0,3,A,0,1,A,U Rennie,6,12,4,8,11,9,3,6,0,0,0,0,2.5,3.2,2.5,,,,,,,,,,,,,,2004,英甲
E2,25/09/04,,Barnsley,Chesterfield,1,0,H,0,0,D,A Leake,12,6,7,4,16,11,7,2,3,2,0,1,2.2,3.2,3,,,,,,,,,,,,,,2004,英甲
E2,25/09/04,,Bournemouth,Doncaster,5,0,H,4,0,H,A Bates,15,10,9,4,9,14,8,3,0,5,0,0,2.2,3.2,3,,,,,,,,,,,,,,2004,英甲
E2,25/09/04,,Bristol City,Huddersfield,3,3,D,1,2,A,I Williamson,11,13,3,5,10,9,12,2,1,2,0,0,1.8,3.3,4,,,,,,,,,,,,,,2004,英甲
E2,25/09/04,,Hull,Stockport,0,0,D,0,0,D,M Atkinson,13,9,1,5,7,14,7,4,1,4,0,0,1.44,3.75,7,,,,,,,,,,,,,,2004,英甲
E2,25/09/04,,Luton,Peterboro,2,1,H,1,0,H,A Hall,15,7,9,3,17,14,5,1,1,2,0,0,1.44,3.75,7,,,,,,,,,,,,,,2004,英甲
E2,25/09/04,,Milton Keynes Dons,Hartlepool,4,2,H,1,1,D,J Ross,11,9,5,5,8,11,4,7,3,4,1,1,2.5,3.25,2.5,,,,,,,,,,,,,,2004,英甲
E2,25/09/04,,Oldham,Colchester,1,1,D,1,0,H,P Armstrong,17,6,8,3,10,13,5,7,1,3,0,0,2.2,3.2,3,,,,,,,,,,,,,,2004,英甲
E2,25/09/04,,Port Vale,Blackpool,0,3,A,0,2,A,E Ilderton,3,7,2,6,5,11,5,6,2,1,0,0,1.66,3.5,4.5,,,,,,,,,,,,,,2004,英甲
E2,25/09/04,,Swindon,Bradford,1,0,H,0,0,D,C Penton,15,7,2,3,16,17,14,0,0,0,1,0,1.9,3.25,3.6,,,,,,,,,,,,,,2004,英甲
E2,25/09/04,,Torquay,Tranmere,1,2,A,0,1,A,T Parkes,12,8,3,5,9,16,6,5,1,0,0,0,2.87,3.2,2.25,,,,,,,,,,,,,,2004,英甲
E2,25/09/04,,Walsall,Brentford,0,1,A,0,1,A,N Miller,2,3,1,1,19,20,5,2,4,1,0,0,2.25,3.25,2.8,,,,,,,,,,,,,,2004,英甲
E2,25/09/04,,Wrexham,Sheffield Weds,0,3,A,0,1,A,P Dowd,7,12,4,8,14,15,2,4,1,2,0,0,2.1,3.2,3.2,,,,,,,,,,,,,,2004,英甲
E2,26/02/05,,Barnsley,Torquay,4,1,H,3,0,H,P Robinson,16,10,5,8,16,14,8,3,1,2,0,0,1.83,3.25,3.75,,,,,,,,,,,,,,2004,英甲
E2,26/02/05,,Bournemouth,Tranmere,1,1,D,1,1,D,I Williamson,9,4,5,1,15,17,8,0,0,3,0,0,2.37,3.2,2.62,,,,,,,,,,,,,,2004,英甲
E2,26/02/05,,Brentford,Sheffield Weds,3,3,D,1,2,A,M Thorpe,9,6,5,4,13,11,7,2,1,0,0,0,2.25,3.25,2.75,,,,,,,,,,,,,,2004,英甲
E2,26/02/05,,Bristol City,Blackpool,1,1,D,1,0,H,P Joslin,10,8,5,5,15,9,7,9,2,2,0,0,1.66,3.4,4.5,,,,,,,,,,,,,,2004,英甲
E2,26/02/05,,Chesterfield,Peterboro,1,3,A,1,2,A,T Bates,15,6,12,3,11,17,6,1,0,0,1,0,1.66,3.4,4.5,,,,,,,,,,,,,,2004,英甲
E2,26/02/05,,Doncaster,Swindon,1,1,D,1,1,D,S Mathieson,10,4,7,1,11,10,0,7,1,1,0,0,2.2,3.25,2.8,,,,,,,,,,,,,,2004,英甲
E2,26/02/05,,Huddersfield,Oldham,2,1,H,2,0,H,E Ilderton,5,4,3,2,9,13,5,4,0,3,0,0,1.8,3.25,4,,,,,,,,,,,,,,2004,英甲
E2,26/02/05,,Hull,Colchester,2,0,H,2,0,H,N Miller,20,7,8,2,7,5,7,7,1,0,0,0,1.53,3.5,5.5,,,,,,,,,,,,,,2004,英甲
E2,26/02/05,,Port Vale,Luton,3,1,H,1,1,D,A Penn,11,4,6,1,15,12,9,1,1,0,0,0,3,3.25,2.1,,,,,,,,,,,,,,2004,英甲
E2,26/02/05,,Stockport,Hartlepool,1,0,H,1,0,H,L Mason,11,12,4,5,12,9,4,6,1,2,0,0,3,3.25,2.1,,,,,,,,,,,,,,2004,英甲
E2,26/02/05,,Walsall,Bradford,1,1,D,0,1,A,M Cowburn,23,7,13,4,15,16,13,2,1,2,0,0,2.2,3.25,2.8,,,,,,,,,,,,,,2004,英甲
E2,26/02/05,,Wrexham,Milton Keynes Dons,0,0,D,0,0,D,P Prosser,10,8,5,2,18,12,3,5,1,3,0,0,2,3.5,3,,,,,,,,,,,,,,2004,英甲
E2,26/03/05,,Chesterfield,Tranmere,2,2,D,1,0,H,C Webster,8,11,3,8,14,16,4,5,3,3,0,0,2.5,3.2,2.5,,,,,,,,,,,,,,2004,英甲
E2,26/03/05,,Hull,Port Vale,2,2,D,1,1,D,P Prosser,16,9,9,6,13,14,8,6,2,4,0,0,1.4,3.75,7.5,,,,,,,,,,,,,,2004,英甲
E2,26/03/05,,Sheffield Weds,Torquay,2,2,D,0,1,A,A Penn,6,11,2,3,7,8,9,2,0,2,0,0,1.4,3.75,7.5,,,,,,,,,,,,,,2004,英甲
E2,26/03/05,,Walsall,Oldham,0,1,A,0,0,D,M Thorpe,13,13,8,6,17,12,4,7,0,1,0,0,2.1,3.25,3,,,,,,,,,,,,,,2004,英甲
E2,26/04/05,,Port Vale,Wrexham,0,2,A,0,2,A,A Hall,6,9,3,5,7,8,5,5,2,2,0,0,2,3.75,2.87,,,,,,,,,,,,,,2004,英甲
E2,26/10/04,,Wrexham,Peterboro,1,1,D,0,0,D,E Ilderton,5,17,2,9,11,8,8,6,1,1,0,0,1.9,3.25,3.5,,,,,,,,,,,,,,2004,英甲
E2,26/12/04,,Blackpool,Hull,0,2,A,0,0,D,S Mathieson,6,11,4,6,9,10,7,5,0,0,0,0,3.25,3.25,2,,,,,,,,,,,,,,2004,英甲
E2,26/12/04,,Bradford,Wrexham,1,1,D,0,0,D,C Boyeson,8,7,4,3,15,14,5,3,2,2,1,0,1.61,3.4,5,,,,,,,,,,,,,,2004,英甲
E2,26/12/04,,Brentford,Torquay,1,3,A,1,0,H,K Stroud,12,6,3,3,10,12,8,1,2,3,0,0,1.53,3.5,5.5,,,,,,,,,,,,,,2004,英甲
E2,26/12/04,,Chesterfield,Luton,0,1,A,0,0,D,G Laws,4,20,1,11,13,17,1,4,1,2,0,0,2.7,3.2,2.3,,,,,,,,,,,,,,2004,英甲
E2,26/12/04,,Doncaster,Milton Keynes Dons,3,0,H,1,0,H,N Miller,10,1,4,1,7,12,5,1,3,2,0,0,1.66,3.4,4.5,,,,,,,,,,,,,,2004,英甲
E2,26/12/04,,Hartlepool,Oldham,2,1,H,2,0,H,P Prosser,6,10,4,7,14,13,6,9,3,5,0,0,1.72,3.5,4,,,,,,,,,,,,,,2004,英甲
E2,26/12/04,,Huddersfield,Port Vale,2,1,H,2,1,H,K Wright,9,8,4,4,17,14,5,5,0,1,0,0,2,3.25,3.25,,,,,,,,,,,,,,2004,英甲
E2,26/12/04,,Peterboro,Swindon,0,2,A,0,0,D,P Danson,14,10,6,5,5,11,4,4,1,1,0,0,2.3,3.2,2.7,,,,,,,,,,,,,,2004,英甲
E2,26/12/04,,Sheffield Weds,Walsall,3,2,H,1,1,D,E Evans,12,7,4,5,11,13,6,7,3,2,0,0,1.9,3.25,3.5,,,,,,,,,,,,,,2004,英甲
E2,26/12/04,,Stockport,Bristol City,1,2,A,1,1,D,C Webster,4,6,1,3,8,12,5,2,0,1,0,0,3,3.25,2.1,,,,,,,,,,,,,,2004,英甲
E2,26/12/04,,Tranmere,Barnsley,1,1,D,0,0,D,J Ross,9,9,3,5,14,13,6,2,2,1,0,0,1.72,3.25,4.33,,,,,,,,,,,,,,2004,英甲
E2,27/08/04,,Tranmere,Sheffield Weds,4,2,H,3,2,H,N Miller,11,16,6,12,15,12,5,4,1,3,0,1,2.1,3.25,3,,,,,,,,,,,,,,2004,英甲
E2,27/10/04,,Swindon,Sheffield Weds,3,2,H,0,1,A,K Friend,7,18,5,11,14,11,5,4,0,0,0,0,2.1,3.25,3,,,,,,,,,,,,,,2004,英甲
E2,27/11/04,,Barnsley,Blackpool,1,0,H,0,0,D,R Booth,16,11,10,4,18,9,7,3,3,1,0,0,2,3.25,3.4,,,,,,,,,,,,,,2004,英甲
E2,27/11/04,,Bradford,Oldham,1,3,A,1,1,D,J Singh,10,12,3,10,13,13,1,1,2,2,1,0,1.61,3.5,5,,,,,,,,,,,,,,2004,英甲
E2,27/11/04,,Bristol City,Sheffield Weds,1,4,A,0,1,A,M Fletcher,7,13,3,5,14,12,10,5,2,3,1,0,1.8,3.3,4,,,,,,,,,,,,,,2004,英甲
E2,27/11/04,,Chesterfield,Swindon,1,0,H,0,0,D,D Drysdale,5,12,3,5,8,17,2,11,2,3,0,0,2.25,3.25,2.8,,,,,,,,,,,,,,2004,英甲
E2,27/11/04,,Hartlepool,Bournemouth,3,2,H,1,2,A,C Boyeson,13,10,5,6,9,14,8,3,2,1,0,0,2.2,3.3,2.87,,,,,,,,,,,,,,2004,英甲
E2,27/11/04,,Huddersfield,Wrexham,1,2,A,1,1,D,P Danson,13,5,5,2,10,14,10,5,1,2,0,1,1.72,3.4,4.33,,,,,,,,,,,,,,2004,英甲
E2,27/11/04,,Hull,Brentford,2,0,H,1,0,H,K Hill,12,7,6,3,8,16,1,5,0,2,0,0,1.66,3.5,4.5,,,,,,,,,,,,,,2004,英甲
E2,27/11/04,,Luton,Doncaster,1,1,D,0,0,D,P Melin,17,7,9,3,13,17,12,4,1,0,0,0,1.5,3.5,6.5,,,,,,,,,,,,,,2004,英甲
E2,27/11/04,,Peterboro,Port Vale,4,0,H,1,0,H,F Graham,15,6,7,4,15,15,6,7,0,1,0,0,2.2,3.3,2.87,,,,,,,,,,,,,,2004,英甲
E2,27/11/04,,Stockport,Walsall,0,1,A,0,1,A,C Oliver,8,6,5,2,11,10,4,1,0,1,0,0,2.5,3.25,2.5,,,,,,,,,,,,,,2004,英甲
E2,27/11/04,,Torquay,Colchester,1,3,A,0,0,D,M Warren,9,9,3,5,9,13,2,8,1,2,0,0,2.1,3.2,3.2,,,,,,,,,,,,,,2004,英甲
E2,27/11/04,,Tranmere,Milton Keynes Dons,2,0,H,0,0,D,K Woolmer,15,12,6,5,14,8,10,6,2,1,0,0,1.36,4.33,7,,,,,,,,,,,,,,2004,英甲
E2,28/01/05,,Bristol City,Chesterfield,2,3,A,0,2,A,A Wiley,21,8,12,5,15,17,7,4,0,1,0,0,1.53,3.75,6.5,,,,,,,,,,,,,,2004,英甲
E2,28/03/05,,Barnsley,Walsall,3,2,H,1,0,H,G Hegley,13,10,7,5,10,9,6,4,1,0,0,0,1.72,3.5,4,,,,,,,,,,,,,,2004,英甲
E2,28/03/05,,Blackpool,Hartlepool,2,2,D,1,2,A,S Mathieson,9,12,2,6,12,9,5,10,1,1,1,0,2.25,3.25,2.75,,,,,,,,,,,,,,2004,英甲
E2,28/03/05,,Bournemouth,Milton Keynes Dons,0,1,A,0,0,D,A Hall,16,10,9,6,16,15,7,2,2,1,0,0,1.61,3.6,4.5,,,,,,,,,,,,,,2004,英甲
E2,28/03/05,,Bradford,Stockport,3,1,H,2,1,H,C Webster,17,12,9,8,9,4,10,3,2,1,0,0,1.57,3.6,5,,,,,,,,,,,,,,2004,英甲
E2,28/03/05,,Brentford,Peterboro,0,0,D,0,0,D,P Danson,10,2,7,0,13,21,6,0,2,5,0,0,1.4,3.75,7.5,,,,,,,,,,,,,,2004,英甲
E2,28/03/05,,Colchester,Chesterfield,1,0,H,0,0,D,C Penton,12,7,7,4,12,18,5,8,0,0,0,0,2.1,3.25,3,,,,,,,,,,,,,,2004,英甲
E2,28/03/05,,Oldham,Hull,1,0,H,0,0,D,M Atkinson,6,8,2,2,9,13,3,12,1,1,0,0,3,3.25,2.1,,,,,,,,,,,,,,2004,英甲
E2,28/03/05,,Torquay,Luton,1,4,A,1,2,A,R Olivier,14,17,4,8,13,12,6,3,3,2,0,0,3.75,3.25,1.83,,,,,,,,,,,,,,2004,英甲
E2,28/03/05,,Tranmere,Doncaster,2,4,A,2,2,D,M Cowburn,8,10,6,7,8,22,8,7,3,1,1,0,1.66,3.75,4,,,,,,,,,,,,,,2004,英甲
E2,28/08/04,,Barnsley,Hull,1,2,A,1,0,H,E Ilderton,15,11,8,5,13,10,10,5,0,1,0,0,2.37,3.2,2.62,,,,,,,,,,,,,,2004,英甲
E2,28/08/04,,Blackpool,Luton,1,3,A,1,0,H,A Kaye,5,18,2,16,17,21,4,9,1,3,0,0,3,3.25,2.1,,,,,,,,,,,,,,2004,英甲
E2,28/08/04,,Bournemouth,Wrexham,1,0,H,1,0,H,A Hall,6,12,2,5,12,11,2,5,1,1,0,0,2.1,3.25,3,,,,,,,,,,,,,,2004,英甲
E2,28/08/04,,Bradford,Chesterfield,2,3,A,1,0,H,C Webster,9,12,4,5,14,17,5,6,3,3,0,0,1.8,3.25,4,,,,,,,,,,,,,,2004,英甲
E2,28/08/04,,Brentford,Stockport,3,0,H,3,0,H,L Probert,16,4,7,0,16,15,11,4,2,3,0,0,1.83,3.25,3.75,,,,,,,,,,,,,,2004,英甲
E2,28/08/04,,Colchester,Doncaster,4,1,H,3,1,H,G Hegley,9,12,6,4,4,6,4,10,0,0,0,0,1.9,3.25,3.5,,,,,,,,,,,,,,2004,英甲
E2,28/08/04,,Huddersfield,Peterboro,2,1,H,1,1,D,A Leake,14,9,7,6,13,17,3,8,1,3,0,0,2.2,3.25,2.8,,,,,,,,,,,,,,2004,英甲
E2,28/08/04,,Oldham,Milton Keynes Dons,3,0,H,2,0,H,T Kettle,14,9,8,5,13,9,2,2,1,1,0,0,1.9,3.25,3.5,,,,,,,,,,,,,,2004,英甲
E2,28/08/04,,Port Vale,Bristol City,3,0,H,2,0,H,P Armstrong,15,8,6,4,13,17,5,4,2,1,0,0,2.2,3.25,2.8,,,,,,,,,,,,,,2004,英甲
E2,28/08/04,,Swindon,Hartlepool,3,0,H,3,0,H,P Danson,15,7,8,1,13,8,6,4,0,1,0,0,1.83,3.25,3.75,,,,,,,,,,,,,,2004,英甲
E2,28/08/04,,Torquay,Walsall,0,0,D,0,0,D,I Williamson,18,7,10,3,13,18,5,4,3,2,0,1,2.6,3.2,2.4,,,,,,,,,,,,,,2004,英甲
E2,28/12/04,,Barnsley,Stockport,3,3,D,2,0,H,E Ilderton,20,10,12,6,9,11,6,6,0,3,0,0,1.57,3.4,5.5,,,,,,,,,,,,,,2004,英甲
E2,28/12/04,,Bournemouth,Huddersfield,2,2,D,1,1,D,A Penn,7,13,4,6,11,16,6,5,2,3,0,0,1.72,3.5,4,,,,,,,,,,,,,,2004,英甲
E2,28/12/04,,Bristol City,Hartlepool,0,0,D,0,0,D,R Beeby,11,5,6,2,12,7,10,4,0,0,0,0,1.8,3.25,4,,,,,,,,,,,,,,2004,英甲
E2,28/12/04,,Luton,Colchester,2,2,D,1,1,D,A Kaye,12,12,8,3,13,14,7,5,1,1,0,0,1.4,4,6.5,,,,,,,,,,,,,,2004,英甲
E2,28/12/04,,Milton Keynes Dons,Blackpool,3,1,H,1,0,H,K Wright,14,9,8,4,13,14,4,6,1,4,0,0,2.3,3.4,2.6,,,,,,,,,,,,,,2004,英甲
E2,28/12/04,,Oldham,Peterboro,2,1,H,0,0,D,T Parkes,18,11,12,5,12,15,4,4,0,2,0,0,1.72,3.5,4,,,,,,,,,,,,,,2004,英甲
E2,28/12/04,,Port Vale,Sheffield Weds,0,2,A,0,2,A,S Tanner,13,10,6,6,12,21,7,0,1,0,0,0,2.62,3.2,2.37,,,,,,,,,,,,,,2004,英甲
E2,28/12/04,,Swindon,Brentford,3,0,H,1,0,H,P Armstrong,6,6,5,2,12,17,1,8,1,1,0,0,2,3.25,3.25,,,,,,,,,,,,,,2004,英甲
E2,28/12/04,,Torquay,Bradford,0,0,D,0,0,D,M Fletcher,12,5,9,4,11,13,4,5,2,4,0,0,2.4,3.2,2.6,,,,,,,,,,,,,,2004,英甲
E2,28/12/04,,Walsall,Tranmere,0,2,A,0,0,D,G Laws,8,12,7,11,7,15,5,8,2,1,0,0,2.5,3.2,2.5,,,,,,,,,,,,,,2004,英甲
E2,28/12/04,,Wrexham,Chesterfield,3,1,H,2,1,H,M Cowburn,7,5,6,4,12,10,7,1,1,2,0,0,2.37,3.2,2.62,,,,,,,,,,,,,,2004,英甲
E2,29/01/05,,Luton,Tranmere,1,1,D,0,1,A,L Probert,11,7,5,3,19,17,6,4,1,2,0,0,2,3.25,3.39,,,,,,,,,,,,,,2004,英甲
E2,29/01/05,,Milton Keynes Dons,Sheffield Weds,2,2,D,0,1,A,A Bates,8,10,4,6,8,15,5,6,1,1,0,0,3.25,3.25,2,,,,,,,,,,,,,,2004,英甲
E2,29/01/05,,Swindon,Stockport,3,0,H,0,0,D,P Melin,18,3,13,1,14,10,6,0,1,2,0,0,1.53,3.5,6,,,,,,,,,,,,,,2004,英甲
E2,29/01/05,,Walsall,Huddersfield,4,3,H,2,3,A,M Fletcher,14,10,9,5,13,12,10,3,3,2,0,0,2,3.25,3.39,,,,,,,,,,,,,,2004,英甲
E2,29/01/05,,Wrexham,Doncaster,0,0,D,0,0,D,P Joslin,7,4,3,1,11,17,10,6,0,2,0,0,2.37,3.2,2.7,,,,,,,,,,,,,,2004,英甲
E2,29/03/05,,Huddersfield,Sheffield Weds,1,0,H,1,0,H,L Mason,10,2,3,1,9,19,5,2,4,1,0,1,2.62,3.2,2.37,,,,,,,,,,,,,,2004,英甲
E2,29/04/05,,Tranmere,Port Vale,1,0,H,1,0,H,P Prosser,11,6,8,1,15,7,10,3,2,1,0,0,1.57,3.4,5.5,,,,,,,,,,,,,,2004,英甲
E2,29/12/04,,Hull,Doncaster,2,1,H,1,1,D,P Taylor,13,17,3,9,11,12,7,5,4,3,1,1,1.53,3.5,5.5,,,,,,,,,,,,,,2004,英甲
E2,30/04/05,,Barnsley,Colchester,1,1,D,1,0,H,P Walton,9,10,4,5,13,11,5,1,2,2,0,0,2,3.25,3.25,,,,,,,,,,,,,,2004,英甲
E2,30/04/05,,Bradford,Bournemouth,4,2,H,2,0,H,N Miller,11,15,8,10,11,11,5,8,4,1,0,0,2.62,3.4,2.25,,,,,,,,,,,,,,2004,英甲
E2,30/04/05,,Bristol City,Doncaster,2,2,D,0,1,A,F Graham,22,9,14,4,9,14,13,3,2,3,0,0,1.72,3.5,4,,,,,,,,,,,,,,2004,英甲
E2,30/04/05,,Chesterfield,Oldham,1,0,H,0,0,D,G Salisbury,13,13,7,3,13,11,6,6,1,2,0,0,2.37,3.4,2.5,,,,,,,,,,,,,,2004,英甲
E2,30/04/05,,Hartlepool,Walsall,1,3,A,0,3,A,C Webster,7,13,3,7,10,9,4,5,1,3,0,0,1.5,4,5,,,,,,,,,,,,,,2004,英甲
E2,30/04/05,,Huddersfield,Swindon,4,0,H,0,0,D,E Evans,15,4,9,3,11,9,3,7,2,1,0,2,1.8,3.4,3.75,,,,,,,,,,,,,,2004,英甲
E2,30/04/05,,Hull,Sheffield Weds,1,2,A,0,1,A,P Crossley,6,13,4,6,10,8,5,9,2,2,0,0,2.2,3.4,2.75,,,,,,,,,,,,,,2004,英甲
E2,30/04/05,,Luton,Brentford,4,2,H,1,2,A,K Friend,20,7,9,4,15,25,3,5,2,4,0,0,1.9,3.5,3.25,,,,,,,,,,,,,,2004,英甲
E2,30/04/05,,Peterboro,Milton Keynes Dons,0,3,A,0,2,A,G Hegley,5,17,2,11,13,11,2,6,2,2,0,0,2.6,3.4,2.25,,,,,,,,,,,,,,2004,英甲
E2,30/04/05,,Stockport,Wrexham,1,4,A,1,4,A,J Singh,11,14,7,9,11,12,8,7,1,1,0,0,2.62,3.6,2.2,,,,,,,,,,,,,,2004,英甲
E2,30/04/05,,Torquay,Blackpool,2,0,H,1,0,H,M Russell,6,5,4,5,10,8,4,7,1,2,0,0,1.72,3.5,4,,,,,,,,,,,,,,2004,英甲
E2,30/08/04,,Bristol City,Brentford,4,1,H,1,0,H,P Joslin,15,9,10,3,11,15,8,2,0,0,0,0,2,3.25,3.25,,,,,,,,,,,,,,2004,英甲
E2,30/08/04,,Doncaster,Huddersfield,2,1,H,1,0,H,G Laws,10,9,6,3,12,8,5,5,0,1,0,0,2.1,3.25,3,,,,,,,,,,,,,,2004,英甲
E2,30/08/04,,Hartlepool,Colchester,2,1,H,1,0,H,M Pike,12,8,7,4,10,19,5,0,2,1,0,0,2.1,3.25,3,,,,,,,,,,,,,,2004,英甲
E2,30/08/04,,Luton,Bournemouth,1,0,H,0,0,D,A Marriner,18,8,9,1,13,12,9,2,0,1,0,0,1.66,3.5,4.33,,,,,,,,,,,,,,2004,英甲
E2,30/08/04,,Milton Keynes Dons,Torquay,1,0,H,1,0,H,K Cartwright,11,9,6,6,10,12,8,5,1,1,0,0,2.1,3.25,3,,,,,,,,,,,,,,2004,英甲
E2,30/08/04,,Peterboro,Blackpool,0,0,D,0,0,D,S Tanner,10,9,4,6,10,10,8,7,1,1,0,0,1.72,3.5,4,,,,,,,,,,,,,,2004,英甲
E2,30/08/04,,Sheffield Weds,Oldham,1,1,D,0,0,D,A Penn,17,7,8,3,13,10,11,5,0,2,0,0,1.61,3.4,5,,,,,,,,,,,,,,2004,英甲
E2,30/08/04,,Stockport,Tranmere,1,1,D,0,0,D,L Mason,14,9,6,2,8,6,2,10,2,0,0,0,2.8,3.25,2.2,,,,,,,,,,,,,,2004,英甲
E2,30/08/04,,Walsall,Swindon,3,2,H,2,2,D,M Atkinson,13,12,8,8,13,6,7,8,0,1,0,0,2.25,3.25,2.75,,,,,,,,,,,,,,2004,英甲
E2,30/08/04,,Wrexham,Barnsley,2,1,H,1,0,H,M Cowburn,10,8,4,3,10,8,8,4,2,0,0,0,2.1,3.25,3,,,,,,,,,,,,,,2004,英甲
E2,30/10/04,,Blackpool,Huddersfield,1,1,D,0,1,A,L Mason,12,13,6,8,13,16,3,6,1,0,0,0,2.3,3.25,2.75,,,,,,,,,,,,,,2004,英甲
E2,30/10/04,,Bournemouth,Barnsley,1,3,A,0,2,A,P Armstrong,12,8,7,5,14,13,5,6,0,2,0,0,1.61,3.5,5,,,,,,,,,,,,,,2004,英甲
E2,30/10/04,,Bristol City,Colchester,0,0,D,0,0,D,P Walton,20,5,8,2,9,11,5,1,0,0,0,0,1.66,3.5,4.5,,,,,,,,,,,,,,2004,英甲
E2,30/10/04,,Doncaster,Peterboro,2,1,H,1,1,D,C Webster,7,11,3,5,9,11,7,6,0,1,1,0,1.8,3.3,4,,,,,,,,,,,,,,2004,英甲
E2,30/10/04,,Hartlepool,Port Vale,1,0,H,1,0,H,S Mathieson,11,19,5,8,12,6,1,11,0,1,0,0,1.83,3.4,3.75,,,,,,,,,,,,,,2004,英甲
E2,30/10/04,,Luton,Bradford,4,0,H,3,0,H,J Ross,18,6,8,3,17,18,4,4,0,3,0,0,2.1,3.2,3.2,,,,,,,,,,,,,,2004,英甲
E2,30/10/04,,Milton Keynes Dons,Walsall,1,1,D,1,1,D,F Graham,14,7,5,4,10,10,6,5,1,2,0,0,2.37,3.25,2.62,,,,,,,,,,,,,,2004,英甲
E2,30/10/04,,Sheffield Weds,Chesterfield,2,2,D,2,1,H,M Jones,9,11,7,9,17,7,2,7,2,1,0,0,1.83,3.2,4,,,,,,,,,,,,,,2004,英甲
E2,30/10/04,,Stockport,Oldham,1,2,A,1,2,A,R Booth,17,16,8,8,14,17,4,4,1,2,0,0,2.25,3.25,2.8,,,,,,,,,,,,,,2004,英甲
E2,30/10/04,,Swindon,Torquay,3,3,D,3,1,H,P Crossley,12,15,7,8,8,10,8,5,1,2,0,0,1.57,3.5,5.5,,,,,,,,,,,,,,2004,英甲
E2,30/10/04,,Tranmere,Brentford,1,0,H,0,0,D,G Laws,9,3,3,1,9,21,5,2,2,4,0,0,1.72,3.4,4.33,,,,,,,,,,,,,,2004,英甲
E2,30/10/04,,Wrexham,Hull,2,2,D,2,1,H,A Woolmer,7,12,6,7,13,10,8,4,0,0,0,0,2.62,3.1,2.5,,,,,,,,,,,,,,2004,英甲
E2,31/01/05,,Barnsley,Bradford,2,2,D,0,2,A,A Penn,21,6,13,3,13,15,4,2,0,2,0,0,2.2,3.25,3.2,,,,,,,,,,,,,,2004,英甲
E2,31/08/04,,Chesterfield,Port Vale,1,0,H,0,0,D,J P Robinson,12,5,2,4,12,14,5,2,0,2,0,1,2.25,3.25,2.75,,,,,,,,,,,,,,2004,英甲
E2,31/08/04,,Hull,Bradford,0,1,A,0,0,D,B Curson,13,9,5,1,8,18,12,3,0,2,0,0,1.66,3.4,5.5,,,,,,,,,,,,,,2004,英甲
