match_key,div,league,season,date,kickoff_utc,home,away,hg,ag,home_xg,away_xg,home_npxg,away_npxg,home_ppda,away_ppda,home_deep,away_deep,home_xpts,away_xpts,mapped,home_xgot,away_xgot,source
E0|2025-08-15|Liverpool|Bournemouth,E0,EPL,2025,2025-08-15,2025-08-15T19:00:00Z,Liverpool,Bournemouth,4,2,2.20983,1.69865,2.20983,1.69865,8.7647,11.5833,9,8,1.877,0.8954,1,3.04644,0.81493,pitchapi
E0|2025-08-16|Aston Villa|Newcastle,E0,EPL,2025,2025-08-16,2025-08-16T11:30:00Z,Aston Villa,Newcastle,0,0,0.20364,1.43248,0.20364,1.43248,18.9167,6.0833,2,6,0.42579999999999996,2.3370999999999995,1,0.20413,0.64422,pitchapi
E0|2025-08-16|Brighton|Fulham,E0,EPL,2025,2025-08-16,2025-08-16T14:00:00Z,Brighton,Fulham,1,1,1.47659,0.78914,0.68819,0.78914,8.9286,16.2222,5,6,1.8562,0.835,1,1.02085,0.73151,pitchapi
E0|2025-08-16|Sunderland|West Ham,E0,EPL,2025,2025-08-16,2025-08-16T14:00:00Z,Sunderland,West Ham,3,0,0.75341,0.56191,0.75341,0.56191,20.7857,11.0000,2,8,1.48,1.129,1,1.64109,0.36847,pitchapi
E0|2025-08-16|Tottenham|Burnley,E0,EPL,2025,2025-08-16,2025-08-16T14:00:00Z,Tottenham,Burnley,3,0,2.32241,0.93563,2.32241,0.93563,6.3529,17.3529,7,6,2.3089000000000004,0.4918,1,2.60748,1.06921,pitchapi
E0|2025-08-16|Wolves|Man City,E0,EPL,2025,2025-08-16,2025-08-16T16:30:00Z,Wolves,Man City,0,4,0.55885,2.46663,0.55885,2.46663,12.1034,11.8000,4,8,0.2391,2.6430000000000002,1,0.73628,2.26793,pitchapi
E0|2025-08-17|Chelsea|Crystal Palace,E0,EPL,2025,2025-08-17,2025-08-17T13:00:00Z,Chelsea,Crystal Palace,0,0,1.60461,0.65729,1.60461,0.65729,5.8696,17.6316,7,2,1.6141,1.093,1,0.65376,0.26055,pitchapi
E0|2025-08-17|Man United|Arsenal,E0,EPL,2025,2025-08-17,2025-08-17T15:30:00Z,Man United,Arsenal,0,1,1.52403,1.30733,1.52403,1.30733,7.9048,11.2609,7,3,1.3298,1.3628,1,0.74943,1.21344,pitchapi
E0|2025-08-17|Nott'm Forest|Brentford,E0,EPL,2025,2025-08-17,2025-08-17T13:00:00Z,Nott'm Forest,Brentford,3,1,1.82831,1.49222,1.82831,0.70382,11.1429,9.8235,6,3,1.6997,1.0148000000000001,1,2.43172,1.47011,pitchapi
E0|2025-08-18|Leeds|Everton,E0,EPL,2025,2025-08-18,2025-08-18T19:00:00Z,Leeds,Everton,1,0,2.13266,0.80283,1.34426,0.80283,15.6875,27.5000,5,2,2.5742000000000003,0.2864,1,1.0712,0.10468,pitchapi
E0|2025-08-22|West Ham|Chelsea,E0,EPL,2025,2025-08-22,2025-08-22T19:00:00Z,West Ham,Chelsea,1,5,0.7264,2.74269,0.7264,2.74269,26.3077,11.9474,6,5,0.0944,2.8571000000000004,1,0.32666,5.13858,pitchapi
E0|2025-08-23|Arsenal|Leeds,E0,EPL,2025,2025-08-23,2025-08-23T16:30:00Z,Arsenal,Leeds,5,0,2.87874,0.16663,2.09034,0.16663,7.9545,27.8667,5,1,2.9097,0.0513,1,2.77477,0.14463,pitchapi
E0|2025-08-23|Bournemouth|Wolves,E0,EPL,2025,2025-08-23,2025-08-23T14:00:00Z,Bournemouth,Wolves,1,0,1.2912,0.46474,1.2912,0.46474,5.8800,10.4286,6,3,2.5305999999999997,0.3052,1,0.92968,0.23719,pitchapi
E0|2025-08-23|Brentford|Aston Villa,E0,EPL,2025,2025-08-23,2025-08-23T14:00:00Z,Brentford,Aston Villa,1,0,1.4639,1.19207,1.4639,1.19207,10.7857,5.4118,2,14,1.5385,1.1286999999999998,1,1.36017,0.13241,pitchapi
E0|2025-08-23|Burnley|Sunderland,E0,EPL,2025,2025-08-23,2025-08-23T14:00:00Z,Burnley,Sunderland,2,0,0.99578,0.77323,0.99578,0.77323,15.4286,20.5833,4,4,1.2227,1.448,1,1.5816,0.69516,pitchapi
E0|2025-08-23|Man City|Tottenham,E0,EPL,2025,2025-08-23,2025-08-23T11:30:00Z,Man City,Tottenham,0,2,1.5525,1.11776,1.5525,1.11776,10.4444,13.2727,8,4,1.3467,1.3643999999999998,1,0.63941,2.08148,pitchapi
E0|2025-08-24|Crystal Palace|Nott'm Forest,E0,EPL,2025,2025-08-24,2025-08-24T13:00:00Z,Crystal Palace,Nott'm Forest,1,1,1.10228,0.92961,1.10228,0.92961,12.7826,10.3684,6,4,1.1537,1.5392,1,0.82515,0.25842,pitchapi
E0|2025-08-24|Everton|Brighton,E0,EPL,2025,2025-08-24,2025-08-24T13:00:00Z,Everton,Brighton,2,0,1.59597,2.43306,1.59597,1.64466,17.7059,8.6842,5,8,1.1070000000000002,1.6155000000000002,1,1.20969,1.54009,pitchapi
E0|2025-08-24|Fulham|Man United,E0,EPL,2025,2025-08-24,2025-08-24T15:30:00Z,Fulham,Man United,1,1,1.76707,1.62665,1.76707,0.83825,9.9091,10.8889,11,11,1.4455999999999998,1.2692,1,1.37404,0.54334,pitchapi
E0|2025-08-25|Newcastle|Liverpool,E0,EPL,2025,2025-08-25,2025-08-25T19:00:00Z,Newcastle,Liverpool,2,3,0.98146,0.69282,0.98146,0.69282,12.0455,7.5714,3,6,2.4272,0.39349999999999996,1,1.86621,2.25516,pitchapi
E0|2025-08-30|Chelsea|Fulham,E0,EPL,2025,2025-08-30,2025-08-30T11:30:00Z,Chelsea,Fulham,2,0,2.35015,1.02302,1.56175,1.02302,9.3200,10.8519,4,9,2.5668,0.2994,1,3.18771,0.10253,pitchapi
E0|2025-08-30|Leeds|Newcastle,E0,EPL,2025,2025-08-30,2025-08-30T16:30:00Z,Leeds,Newcastle,0,0,0.68769,0.46022,0.68769,0.46022,14.8636,11.2381,5,5,1.6758,0.8724,1,0.09258,0.13505,pitchapi
E0|2025-08-30|Man United|Burnley,E0,EPL,2025,2025-08-30,2025-08-30T14:00:00Z,Man United,Burnley,3,2,3.62744,1.25364,2.83904,1.25364,15.1818,16.0000,8,3,2.7985,0.136,1,2.17833,1.65818,pitchapi
E0|2025-08-30|Sunderland|Brentford,E0,EPL,2025,2025-08-30,2025-08-30T14:00:00Z,Sunderland,Brentford,2,1,1.54295,1.19774,0.75455,0.40934,5.1842,21.5455,2,4,1.4156,1.2650000000000001,1,1.08435,1.45003,pitchapi
E0|2025-08-30|Tottenham|Bournemouth,E0,EPL,2025,2025-08-30,2025-08-30T14:00:00Z,Tottenham,Bournemouth,0,1,0.18719,1.58627,0.18719,1.58627,5.2000,7.1463,4,11,0.15689999999999998,2.7342000000000004,1,0.21608,1.48386,pitchapi
E0|2025-08-30|Wolves|Everton,E0,EPL,2025,2025-08-30,2025-08-30T14:00:00Z,Wolves,Everton,2,3,1.10922,1.93197,1.10922,1.93197,5.8519,11.9615,5,11,0.5699,2.2217000000000002,1,1.15546,2.57806,pitchapi
E0|2025-08-31|Aston Villa|Crystal Palace,E0,EPL,2025,2025-08-31,2025-08-31T18:00:00Z,Aston Villa,Crystal Palace,0,3,1.14053,2.64961,1.14053,1.86121,10.5714,19.2000,6,5,0.3812,2.4577999999999998,1,1.01485,2.44693,pitchapi
E0|2025-08-31|Brighton|Man City,E0,EPL,2025,2025-08-31,2025-08-31T13:00:00Z,Brighton,Man City,2,1,2.29746,1.82023,1.50906,1.82023,11.8148,11.9333,4,9,1.4209999999999998,1.3064,1,3.07182,1.09556,pitchapi
E0|2025-08-31|Liverpool|Arsenal,E0,EPL,2025,2025-08-31,2025-08-31T15:30:00Z,Liverpool,Arsenal,1,0,0.52487,0.48532,0.52487,0.48532,15.0667,12.8696,4,5,1.2667,1.2709,1,0.27332,0.55615,pitchapi
E0|2025-08-31|Nott'm Forest|West Ham,E0,EPL,2025,2025-08-31,2025-08-31T13:00:00Z,Nott'm Forest,West Ham,0,3,0.73349,2.42031,0.73349,1.63191,9.8462,21.4615,6,5,0.33340000000000003,2.5114,1,0.29124,3.2854,pitchapi
E0|2025-09-13|Arsenal|Nott'm Forest,E0,EPL,2025,2025-09-13,2025-09-13T11:30:00Z,Arsenal,Nott'm Forest,3,0,1.83522,0.19993,1.83522,0.19993,10.9500,14.5500,10,1,2.8737,0.07830000000000001,1,2.34881,0.06272,pitchapi
E0|2025-09-13|Bournemouth|Brighton,E0,EPL,2025,2025-09-13,2025-09-13T14:00:00Z,Bournemouth,Brighton,2,1,1.44745,0.60952,0.65905,0.60952,10.8333,8.6957,5,3,2.1195,0.6141000000000001,1,1.49358,1.27666,pitchapi
E0|2025-09-13|Brentford|Chelsea,E0,EPL,2025,2025-09-13,2025-09-13T19:00:00Z,Brentford,Chelsea,2,2,1.41894,1.25239,1.41894,1.25239,20.1875,5.2069,8,12,1.7843999999999998,0.9162,1,2.31063,2.23052,pitchapi
E0|2025-09-13|Crystal Palace|Sunderland,E0,EPL,2025,2025-09-13,2025-09-13T14:00:00Z,Crystal Palace,Sunderland,0,0,1.78203,0.39492,1.78203,0.39492,13.5556,17.7778,8,4,2.5155,0.31589999999999996,1,1.36458,0.0,pitchapi
E0|2025-09-13|Everton|Aston Villa,E0,EPL,2025,2025-09-13,2025-09-13T14:00:00Z,Everton,Aston Villa,0,0,2.08123,0.43892,2.08123,0.43892,7.0741,8.3684,10,3,2.5199,0.3143,1,0.29255,0.07839,pitchapi
E0|2025-09-13|Fulham|Leeds,E0,EPL,2025,2025-09-13,2025-09-13T14:00:00Z,Fulham,Leeds,1,0,0.91569,0.78978,0.91569,0.78978,9.4783,13.4444,4,5,1.6496,1.0121,1,0.93215,0.51597,pitchapi
E0|2025-09-13|Newcastle|Wolves,E0,EPL,2025,2025-09-13,2025-09-13T14:00:00Z,Newcastle,Wolves,1,0,1.55415,0.50334,1.55415,0.50334,10.5625,9.0417,12,3,2.1553,0.5596,1,1.75171,0.36599,pitchapi
E0|2025-09-13|West Ham|Tottenham,E0,EPL,2025,2025-09-13,2025-09-13T16:30:00Z,West Ham,Tottenham,0,3,0.65131,1.28856,0.65131,1.28856,17.5556,10.8571,2,8,0.7895000000000001,1.9297999999999997,1,0.36482,2.22704,pitchapi
E0|2025-09-14|Burnley|Liverpool,E0,EPL,2025,2025-09-14,2025-09-14T13:00:00Z,Burnley,Liverpool,0,1,0.14473,2.64868,0.14473,1.86028,11.0909,4.1429,0,17,0.0498,2.9114999999999998,1,0.0,1.18475,pitchapi
E0|2025-09-14|Man City|Man United,E0,EPL,2025,2025-09-14,2025-09-14T15:30:00Z,Man City,Man United,3,0,2.68157,1.50734,2.68157,1.50734,19.2143,9.2308,8,8,1.697,1.0457,1,2.29646,0.14337,pitchapi
E0|2025-09-20|Brighton|Tottenham,E0,EPL,2025,2025-09-20,2025-09-20T14:00:00Z,Brighton,Tottenham,2,2,1.31967,1.19898,1.31967,1.19898,11.4800,4.8438,4,14,1.5372999999999999,1.1338,1,1.26815,1.43399,pitchapi
E0|2025-09-20|Burnley|Nott'm Forest,E0,EPL,2025,2025-09-20,2025-09-20T14:00:00Z,Burnley,Nott'm Forest,1,1,0.90405,1.09773,0.90405,1.09773,18.8889,9.0952,4,10,1.6359,1.0473,1,1.04363,1.46558,pitchapi
E0|2025-09-20|Fulham|Brentford,E0,EPL,2025,2025-09-20,2025-09-20T19:00:00Z,Fulham,Brentford,3,1,1.01033,0.60273,1.01033,0.60273,19.8462,13.4762,5,3,1.9517,0.7894999999999999,1,0.84593,0.88469,pitchapi
E0|2025-09-20|Liverpool|Everton,E0,EPL,2025,2025-09-20,2025-09-20T11:30:00Z,Liverpool,Everton,2,1,0.9028,0.70056,0.9028,0.70056,5.8846,11.3043,12,9,1.6665,1.0035,1,1.17546,0.56919,pitchapi
E0|2025-09-20|Man United|Chelsea,E0,EPL,2025,2025-09-20,2025-09-20T16:30:00Z,Man United,Chelsea,2,1,1.83767,0.38933,1.83767,0.38933,12.9615,13.1429,4,5,2.163,0.5622,1,1.87085,0.7183,pitchapi
E0|2025-09-20|West Ham|Crystal Palace,E0,EPL,2025,2025-09-20,2025-09-20T14:00:00Z,West Ham,Crystal Palace,1,2,0.61769,2.31018,0.61769,2.31018,8.5652,23.8182,5,7,0.22110000000000002,2.6628,1,1.3271,1.37029,pitchapi
E0|2025-09-20|Wolves|Leeds,E0,EPL,2025,2025-09-20,2025-09-20T14:00:00Z,Wolves,Leeds,1,3,1.78372,0.51445,1.78372,0.51445,10.9600,13.1905,10,7,2.2899999999999996,0.48339999999999994,1,1.30628,1.27947,pitchapi
E0|2025-09-21|Arsenal|Man City,E0,EPL,2025,2025-09-21,2025-09-21T15:30:00Z,Arsenal,Man City,1,1,0.8884,0.90931,0.8884,0.90931,6.8182,17.0000,10,3,0.9305000000000001,1.7474,1,1.23704,1.06106,pitchapi
E0|2025-09-21|Bournemouth|Newcastle,E0,EPL,2025,2025-09-21,2025-09-21T13:00:00Z,Bournemouth,Newcastle,0,0,0.46166,0.22687,0.46166,0.22687,8.3636,16.4118,4,6,1.7041999999999997,0.7742,1,0.25902,0.33812,pitchapi
E0|2025-09-21|Sunderland|Aston Villa,E0,EPL,2025,2025-09-21,2025-09-21T13:00:00Z,Sunderland,Aston Villa,1,1,1.03598,0.78291,1.03598,0.78291,9.8696,7.0000,4,16,1.3236999999999999,1.33,1,0.98527,0.15501,pitchapi
E0|2025-09-27|Brentford|Man United,E0,EPL,2025,2025-09-27,2025-09-27T11:30:00Z,Brentford,Man United,3,1,2.02125,2.39038,2.02125,1.60198,11.7200,12.1250,6,1,1.7845,0.9664,1,3.02632,2.42511,pitchapi
E0|2025-09-27|Chelsea|Brighton,E0,EPL,2025,2025-09-27,2025-09-27T14:00:00Z,Chelsea,Brighton,1,3,1.81012,2.28448,1.81012,2.28448,8.5263,9.1724,4,8,1.0291,1.7227,1,2.12364,1.77289,pitchapi
E0|2025-09-27|Crystal Palace|Liverpool,E0,EPL,2025,2025-09-27,2025-09-27T14:00:00Z,Crystal Palace,Liverpool,2,1,2.95877,2.13685,2.95877,2.13685,24.3750,8.5714,12,5,1.6584,1.1448,1,2.64969,1.79454,pitchapi
E0|2025-09-27|Leeds|Bournemouth,E0,EPL,2025,2025-09-27,2025-09-27T14:00:00Z,Leeds,Bournemouth,2,2,1.83542,0.74758,1.83542,0.74758,10.0769,8.4000,3,9,2.0964,0.6846,1,2.04401,1.13502,pitchapi
E0|2025-09-27|Man City|Burnley,E0,EPL,2025,2025-09-27,2025-09-27T14:00:00Z,Man City,Burnley,5,1,2.02816,0.41507,2.02816,0.41507,16.0000,17.1875,15,4,2.8438999999999997,0.0959,1,2.75201,0.61361,pitchapi
E0|2025-09-27|Nott'm Forest|Sunderland,E0,EPL,2025,2025-09-27,2025-09-27T16:30:00Z,Nott'm Forest,Sunderland,0,1,1.68656,1.65627,1.68656,1.65627,9.3000,29.5000,6,3,0.9927,1.7727,1,1.69272,1.3864,pitchapi
E0|2025-09-27|Tottenham|Wolves,E0,EPL,2025,2025-09-27,2025-09-27T19:00:00Z,Tottenham,Wolves,1,1,0.80894,1.19643,0.80894,1.19643,16.9286,9.5000,5,4,0.9919,1.6705,1,1.38793,1.4349,pitchapi
E0|2025-09-28|Aston Villa|Fulham,E0,EPL,2025,2025-09-28,2025-09-28T13:00:00Z,Aston Villa,Fulham,3,1,1.11122,1.05924,1.11122,1.05924,17.3571,13.8333,6,4,1.7306,0.9763999999999999,1,1.70404,0.7571,pitchapi
E0|2025-09-28|Newcastle|Arsenal,E0,EPL,2025,2025-09-28,2025-09-28T15:30:00Z,Newcastle,Arsenal,1,2,0.61248,2.0437,0.61248,2.0437,16.4667,7.2500,4,13,0.474,2.3387999999999995,1,0.92595,2.73049,pitchapi
E0|2025-09-29|Everton|West Ham,E0,EPL,2025,2025-09-29,2025-09-29T19:00:00Z,Everton,West Ham,1,1,0.72233,1.19399,0.72233,1.19399,12.7647,13.5000,12,7,1.4394999999999998,1.2127,1,0.45152,1.19271,pitchapi
E0|2025-10-03|Bournemouth|Fulham,E0,EPL,2025,2025-10-03,2025-10-03T19:00:00Z,Bournemouth,Fulham,3,1,1.19635,0.88237,1.19635,0.88237,13.8235,19.1429,13,10,1.8082,0.8946999999999998,1,1.80383,1.06413,pitchapi
E0|2025-10-04|Arsenal|West Ham,E0,EPL,2025,2025-10-04,2025-10-04T14:00:00Z,Arsenal,West Ham,2,0,2.90792,0.43111,2.11952,0.43111,4.2121,25.0769,17,3,2.7519,0.159,1,2.1969,0.0,pitchapi
E0|2025-10-04|Chelsea|Liverpool,E0,EPL,2025,2025-10-04,2025-10-04T16:30:00Z,Chelsea,Liverpool,2,1,1.00393,1.94529,1.00393,1.94529,13.3000,17.1250,6,9,0.7363,2.0083,1,1.6621,0.95597,pitchapi
E0|2025-10-04|Leeds|Tottenham,E0,EPL,2025,2025-10-04,2025-10-04T11:30:00Z,Leeds,Tottenham,1,2,1.74687,0.57541,1.74687,0.57541,10.8333,15.0000,6,4,2.0633,0.6734,1,1.66136,0.55183,pitchapi
E0|2025-10-04|Man United|Sunderland,E0,EPL,2025,2025-10-04,2025-10-04T14:00:00Z,Man United,Sunderland,2,0,1.89193,0.66874,1.89193,0.66874,10.1739,9.7600,7,3,2.2545,0.5388,1,2.07423,0.93791,pitchapi
E0|2025-10-05|Aston Villa|Burnley,E0,EPL,2025,2025-10-05,2025-10-05T13:00:00Z,Aston Villa,Burnley,2,1,1.16326,0.40781,1.16326,0.40781,12.7222,7.8095,8,1,2.3255,0.4577,1,2.04743,0.27865,pitchapi
E0|2025-10-05|Brentford|Man City,E0,EPL,2025,2025-10-05,2025-10-05T15:30:00Z,Brentford,Man City,0,1,0.69523,0.78257,0.69523,0.78257,13.3000,13.5000,2,9,0.9858,1.6665,1,0.23201,0.52311,pitchapi
E0|2025-10-05|Everton|Crystal Palace,E0,EPL,2025,2025-10-05,2025-10-05T13:00:00Z,Everton,Crystal Palace,2,1,2.15796,1.57851,1.36956,1.57851,9.2759,6.8056,5,6,1.3515,1.3839,1,2.6158,1.3981,pitchapi
E0|2025-10-05|Newcastle|Nott'm Forest,E0,EPL,2025,2025-10-05,2025-10-05T13:00:00Z,Newcastle,Nott'm Forest,2,0,3.45221,0.23533,2.66381,0.23533,8.0000,11.0476,13,4,2.9546,0.027200000000000002,1,3.84323,0.22282,pitchapi
E0|2025-10-05|Wolves|Brighton,E0,EPL,2025,2025-10-05,2025-10-05T13:00:00Z,Wolves,Brighton,1,1,0.5547,0.92083,0.5547,0.92083,13.5714,9.8182,2,2,0.4865,2.2661,1,0.62027,1.45917,pitchapi
E0|2025-10-18|Brighton|Newcastle,E0,EPL,2025,2025-10-18,2025-10-18T14:00:00Z,Brighton,Newcastle,2,1,0.91443,1.44977,0.91443,1.44977,13.4091,9.6400,8,9,0.9963000000000001,1.7094,1,1.44053,1.05546,pitchapi
E0|2025-10-18|Burnley|Leeds,E0,EPL,2025,2025-10-18,2025-10-18T14:00:00Z,Burnley,Leeds,2,0,0.4541,2.62547,0.4541,2.62547,15.8095,7.8095,2,8,0.22310000000000002,2.6492,1,1.23074,0.5051,pitchapi
E0|2025-10-18|Crystal Palace|Bournemouth,E0,EPL,2025,2025-10-18,2025-10-18T14:00:00Z,Crystal Palace,Bournemouth,3,3,4.47307,2.04571,3.68467,2.04571,7.8400,8.1111,14,6,2.7443,0.1793,1,3.93075,3.14208,pitchapi
E0|2025-10-18|Fulham|Arsenal,E0,EPL,2025,2025-10-18,2025-10-18T16:30:00Z,Fulham,Arsenal,0,1,0.40388,1.90884,0.40388,1.90884,18.1875,30.0000,3,14,0.29500000000000004,2.5627,1,0.0,1.42327,pitchapi
E0|2025-10-18|Man City|Everton,E0,EPL,2025,2025-10-18,2025-10-18T14:00:00Z,Man City,Everton,2,0,2.40773,1.0752,2.40773,1.0752,8.7222,16.6923,15,4,2.5183,0.3247,1,1.47752,0.06508,pitchapi
E0|2025-10-18|Nott'm Forest|Chelsea,E0,EPL,2025,2025-10-18,2025-10-18T11:30:00Z,Nott'm Forest,Chelsea,0,3,2.20145,1.6745,2.20145,1.6745,14.8421,8.4828,9,6,1.0608,1.7066999999999999,1,0.5322,2.15746,pitchapi
E0|2025-10-18|Sunderland|Wolves,E0,EPL,2025,2025-10-18,2025-10-18T14:00:00Z,Sunderland,Wolves,2,0,0.64586,0.82691,0.64586,0.82691,36.4286,5.2333,6,11,1.6885000000000001,0.9793000000000001,1,0.22183,0.26981,pitchapi
E0|2025-10-19|Liverpool|Man United,E0,EPL,2025,2025-10-19,2025-10-19T15:30:00Z,Liverpool,Man United,1,2,2.75167,1.33887,2.75167,1.33887,7.6250,17.4286,10,6,1.4439000000000002,1.3212000000000002,1,2.32958,1.05716,pitchapi
E0|2025-10-19|Tottenham|Aston Villa,E0,EPL,2025,2025-10-19,2025-10-19T13:00:00Z,Tottenham,Aston Villa,1,2,0.86778,0.31541,0.86778,0.31541,7.5926,12.8889,5,2,2.3837,0.4064,1,0.99608,0.96699,pitchapi
E0|2025-10-20|West Ham|Brentford,E0,EPL,2025,2025-10-20,2025-10-20T19:00:00Z,West Ham,Brentford,0,2,0.3813,2.37327,0.3813,2.37327,14.7778,12.4667,4,11,0.045399999999999996,2.926,1,0.42303,1.74995,pitchapi
E0|2025-10-24|Leeds|West Ham,E0,EPL,2025,2025-10-24,2025-10-24T19:00:00Z,Leeds,West Ham,2,1,1.52639,0.64988,1.52639,0.64988,10.8148,9.5769,1,4,2.6272,0.2482,1,1.46031,1.03108,pitchapi
E0|2025-10-25|Brentford|Liverpool,E0,EPL,2025,2025-10-25,2025-10-25T19:00:00Z,Brentford,Liverpool,3,2,2.75261,2.29781,1.96421,2.29781,14.0000,6.2000,5,10,2.1265,0.6868,1,2.49173,2.05929,pitchapi
E0|2025-10-25|Chelsea|Sunderland,E0,EPL,2025,2025-10-25,2025-10-25T14:00:00Z,Chelsea,Sunderland,1,2,0.89501,1.30768,0.89501,1.30768,9.3333,21.6471,11,6,1.0463,1.6661000000000001,1,0.98735,1.57747,pitchapi
E0|2025-10-25|Man United|Brighton,E0,EPL,2025,2025-10-25,2025-10-25T16:30:00Z,Man United,Brighton,4,2,1.28304,1.11949,1.28304,1.11949,13.9643,6.3333,9,5,2.1264000000000003,0.6576,1,3.40408,1.70108,pitchapi
E0|2025-10-25|Newcastle|Fulham,E0,EPL,2025,2025-10-25,2025-10-25T14:00:00Z,Newcastle,Fulham,2,1,2.179,1.52935,2.179,1.52935,9.0357,9.5517,7,3,2.2806,0.534,1,2.14654,2.68911,pitchapi
E0|2025-10-26|Arsenal|Crystal Palace,E0,EPL,2025,2025-10-26,2025-10-26T14:00:00Z,Arsenal,Crystal Palace,1,0,0.95483,0.49699,0.95483,0.49699,12.4118,28.2727,5,1,1.8296999999999999,0.7859999999999999,1,1.01919,0.50767,pitchapi
E0|2025-10-26|Aston Villa|Man City,E0,EPL,2025,2025-10-26,2025-10-26T14:00:00Z,Aston Villa,Man City,1,0,0.82242,1.18361,0.82242,1.18361,22.3636,10.2500,8,11,0.9462999999999999,1.7647,1,0.8061,0.16348,pitchapi
E0|2025-10-26|Bournemouth|Nott'm Forest,E0,EPL,2025,2025-10-26,2025-10-26T14:00:00Z,Bournemouth,Nott'm Forest,2,0,0.57792,0.37125,0.57792,0.37125,8.0400,11.7500,7,4,1.6589999999999998,0.8847,1,0.5633,0.81485,pitchapi
E0|2025-10-26|Everton|Tottenham,E0,EPL,2025,2025-10-26,2025-10-26T16:30:00Z,Everton,Tottenham,0,3,1.73871,1.72278,1.73871,1.72278,13.4211,17.0000,6,3,0.831,1.9179,1,1.19898,3.22623,pitchapi
E0|2025-10-26|Wolves|Burnley,E0,EPL,2025,2025-10-26,2025-10-26T14:00:00Z,Wolves,Burnley,2,3,2.27673,1.40436,1.48833,1.40436,8.8750,14.5556,10,5,2.141,0.6457999999999999,1,2.29632,1.72548,pitchapi
E0|2025-11-01|Brighton|Leeds,E0,EPL,2025,2025-11-01,2025-11-01T15:00:00Z,Brighton,Leeds,3,0,3.06835,0.497,3.06835,0.497,14.8095,22.6000,7,2,2.8172,0.1109,1,4.47649,0.88366,pitchapi
E0|2025-11-01|Burnley|Arsenal,E0,EPL,2025,2025-11-01,2025-11-01T15:00:00Z,Burnley,Arsenal,0,2,0.35343,2.42224,0.35343,2.42224,15.5500,12.1579,3,9,0.2319,2.64,1,0.0,2.58083,pitchapi
E0|2025-11-01|Crystal Palace|Brentford,E0,EPL,2025,2025-11-01,2025-11-01T15:00:00Z,Crystal Palace,Brentford,2,0,0.69972,0.53685,0.69972,0.53685,19.3750,5.8182,5,8,1.2190999999999999,1.4138,1,0.81825,0.77416,pitchapi
E0|2025-11-01|Fulham|Wolves,E0,EPL,2025,2025-11-01,2025-11-01T15:00:00Z,Fulham,Wolves,3,0,1.42214,0.24005,1.42214,0.24005,12.8333,21.3125,11,4,2.6905,0.1861,1,1.92384,0.09727,pitchapi
E0|2025-11-01|Liverpool|Aston Villa,E0,EPL,2025,2025-11-01,2025-11-01T20:00:00Z,Liverpool,Aston Villa,2,0,1.18569,0.40763,1.18569,0.40763,10.9500,16.0625,12,6,2.2034,0.5414,1,1.01194,0.30049,pitchapi
E0|2025-11-01|Nott'm Forest|Man United,E0,EPL,2025,2025-11-01,2025-11-01T15:00:00Z,Nott'm Forest,Man United,2,2,1.92829,1.25733,1.92829,1.25733,13.6957,9.4706,7,5,1.9257000000000002,0.8145,1,1.55654,1.39328,pitchapi
E0|2025-11-01|Tottenham|Chelsea,E0,EPL,2025,2025-11-01,2025-11-01T17:30:00Z,Tottenham,Chelsea,0,1,0.11778,3.68467,0.11778,3.68467,8.5600,7.0000,4,13,0.0249,2.9549999999999996,1,0.15774,3.16539,pitchapi
E0|2025-11-02|Man City|Bournemouth,E0,EPL,2025,2025-11-02,2025-11-02T16:30:00Z,Man City,Bournemouth,3,1,2.21654,0.62827,2.21654,0.62827,20.1875,11.2174,8,4,2.4677000000000002,0.3725,1,1.39274,1.37067,pitchapi
E0|2025-11-02|West Ham|Newcastle,E0,EPL,2025,2025-11-02,2025-11-02T14:00:00Z,West Ham,Newcastle,3,1,2.76364,0.46431,2.76364,0.46431,23.5833,8.8824,3,7,2.1611,0.5843,1,1.92501,0.78034,pitchapi
E0|2025-11-03|Sunderland|Everton,E0,EPL,2025,2025-11-03,2025-11-03T20:00:00Z,Sunderland,Everton,1,1,1.22461,0.88832,1.22461,0.88832,8.2381,23.1538,7,5,1.4357000000000002,1.244,1,1.37334,0.736,pitchapi
E0|2025-11-08|Chelsea|Wolves,E0,EPL,2025,2025-11-08,2025-11-08T20:00:00Z,Chelsea,Wolves,3,0,3.33214,0.19702,3.33214,0.19702,10.4211,20.4000,13,1,2.9846,0.008,1,3.19015,0.0,pitchapi
E0|2025-11-08|Everton|Fulham,E0,EPL,2025,2025-11-08,2025-11-08T15:00:00Z,Everton,Fulham,2,0,1.43924,0.40574,1.43924,0.40574,15.1765,9.9000,5,7,2.6755,0.21400000000000002,1,1.45654,0.76842,pitchapi
E0|2025-11-08|Sunderland|Arsenal,E0,EPL,2025,2025-11-08,2025-11-08T17:30:00Z,Sunderland,Arsenal,2,2,0.4235,2.00076,0.4235,2.00076,13.4667,9.4375,7,11,0.6061,2.1799,1,0.80665,1.37694,pitchapi
E0|2025-11-08|Tottenham|Man United,E0,EPL,2025,2025-11-08,2025-11-08T12:30:00Z,Tottenham,Man United,2,2,0.92361,0.76553,0.92361,0.76553,7.7241,13.3158,5,3,1.813,0.9049,1,1.98216,1.16104,pitchapi
E0|2025-11-08|West Ham|Burnley,E0,EPL,2025,2025-11-08,2025-11-08T15:00:00Z,West Ham,Burnley,3,2,3.12553,1.06294,3.12553,1.06294,15.4500,10.5263,4,7,2.2418,0.5509999999999999,1,3.16972,2.32472,pitchapi
E0|2025-11-09|Aston Villa|Bournemouth,E0,EPL,2025,2025-11-09,2025-11-09T14:00:00Z,Aston Villa,Bournemouth,4,0,1.69862,1.60993,1.69862,0.82153,5.7931,6.8148,10,6,1.2654999999999998,1.4691999999999998,1,2.27511,1.05927,pitchapi
E0|2025-11-09|Brentford|Newcastle,E0,EPL,2025,2025-11-09,2025-11-09T14:00:00Z,Brentford,Newcastle,3,1,2.35448,0.421,1.56608,0.421,12.0000,11.1053,7,2,2.8235,0.1112,1,2.74988,0.21551,pitchapi
E0|2025-11-09|Crystal Palace|Brighton,E0,EPL,2025,2025-11-09,2025-11-09T14:00:00Z,Crystal Palace,Brighton,0,0,0.74754,0.37667,0.74754,0.37667,11.7692,10.0000,10,7,1.4652,1.1541,1,0.92303,0.48129,pitchapi
E0|2025-11-09|Man City|Liverpool,E0,EPL,2025,2025-11-09,2025-11-09T16:30:00Z,Man City,Liverpool,3,0,1.51029,0.74149,0.72189,0.74149,11.8182,11.0000,7,7,1.8593,0.8609,1,2.13355,0.06086,pitchapi
E0|2025-11-09|Nott'm Forest|Leeds,E0,EPL,2025,2025-11-09,2025-11-09T14:00:00Z,Nott'm Forest,Leeds,3,1,2.55094,0.73786,1.76254,0.73786,15.1667,9.3500,4,3,2.7659,0.1457,1,3.41531,1.22726,pitchapi
E0|2025-11-22|Bournemouth|West Ham,E0,EPL,2025,2025-11-22,2025-11-22T15:00:00Z,Bournemouth,West Ham,2,2,4.09768,0.63516,3.30928,0.63516,2.3030,21.7273,9,3,2.9155,0.0496,1,4.4886,0.86649,pitchapi
E0|2025-11-22|Brighton|Brentford,E0,EPL,2025,2025-11-22,2025-11-22T15:00:00Z,Brighton,Brentford,2,1,1.2159,1.97753,1.2159,0.40073,7.4800,17.4000,10,7,0.43720000000000003,2.3872,1,1.60433,1.58902,pitchapi
E0|2025-11-22|Burnley|Chelsea,E0,EPL,2025,2025-11-22,2025-11-22T12:30:00Z,Burnley,Chelsea,0,2,0.4115,1.71712,0.4115,1.71712,14.1154,13.1579,6,11,0.5518000000000001,2.2234000000000003,1,0.05123,2.30278,pitchapi
E0|2025-11-22|Fulham|Sunderland,E0,EPL,2025,2025-11-22,2025-11-22T15:00:00Z,Fulham,Sunderland,1,0,2.15773,0.20291,2.15773,0.20291,14.1333,13.0952,17,2,2.863,0.0823,1,1.2667,0.19266,pitchapi
E0|2025-11-22|Liverpool|Nott'm Forest,E0,EPL,2025,2025-11-22,2025-11-22T15:00:00Z,Liverpool,Nott'm Forest,0,3,1.92961,1.61096,1.92961,1.61096,4.6818,23.1538,11,6,1.8124,0.9379,1,0.66991,2.77364,pitchapi
E0|2025-11-22|Newcastle|Man City,E0,EPL,2025,2025-11-22,2025-11-22T17:30:00Z,Newcastle,Man City,2,1,2.65276,2.49086,2.65276,2.49086,11.6818,7.7222,4,16,1.3791,1.3767,1,2.66762,0.83445,pitchapi
E0|2025-11-22|Wolves|Crystal Palace,E0,EPL,2025,2025-11-22,2025-11-22T15:00:00Z,Wolves,Crystal Palace,0,2,1.85783,1.27489,1.85783,1.27489,10.6957,10.0400,10,11,1.569,1.146,1,0.07944,1.40042,pitchapi
E0|2025-11-23|Arsenal|Tottenham,E0,EPL,2025,2025-11-23,2025-11-23T16:30:00Z,Arsenal,Tottenham,4,1,1.92856,0.07301,1.92856,0.07301,6.2941,13.4444,13,2,2.8482,0.0774,1,3.15092,0.13563,pitchapi
E0|2025-11-23|Leeds|Aston Villa,E0,EPL,2025,2025-11-23,2025-11-23T14:00:00Z,Leeds,Aston Villa,1,2,1.95772,1.57717,1.95772,1.57717,7.3333,11.9444,5,5,1.7718,0.9681,1,1.71319,0.46379,pitchapi
E0|2025-11-24|Man United|Everton,E0,EPL,2025,2025-11-24,2025-11-24T20:00:00Z,Man United,Everton,0,1,1.70785,0.21258,1.70785,0.21258,4.7727,28.6667,15,2,2.7676000000000003,0.13390000000000002,1,1.84649,0.41761,pitchapi
E0|2025-11-29|Brentford|Burnley,E0,EPL,2025,2025-11-29,2025-11-29T15:00:00Z,Brentford,Burnley,3,1,3.06275,0.94652,2.27435,0.15812,14.6429,11.8947,5,1,2.8943,0.0638,1,2.14614,0.95665,pitchapi
E0|2025-11-29|Everton|Newcastle,E0,EPL,2025,2025-11-29,2025-11-29T17:30:00Z,Everton,Newcastle,1,4,0.98972,1.90526,0.98972,1.90526,14.9130,21.6667,13,8,0.4603,2.3653,1,0.88923,2.76751,pitchapi
E0|2025-11-29|Man City|Leeds,E0,EPL,2025,2025-11-29,2025-11-29T15:00:00Z,Man City,Leeds,3,2,3.09811,2.25036,3.09811,1.46196,12.2941,8.3667,12,4,2.1735,0.6177,1,3.67748,2.21135,pitchapi
E0|2025-11-29|Sunderland|Bournemouth,E0,EPL,2025,2025-11-29,2025-11-29T15:00:00Z,Sunderland,Bournemouth,3,2,1.47495,1.86441,0.68655,1.86441,9.9000,7.7222,9,9,0.8139000000000001,1.8752999999999997,1,1.85842,2.95429,pitchapi
E0|2025-11-29|Tottenham|Fulham,E0,EPL,2025,2025-11-29,2025-11-29T20:00:00Z,Tottenham,Fulham,1,2,0.86448,0.44917,0.86448,0.44917,6.6897,12.5652,3,5,1.9130999999999998,0.7629000000000001,1,0.46236,1.07935,pitchapi
E0|2025-11-30|Aston Villa|Wolves,E0,EPL,2025,2025-11-30,2025-11-30T14:05:00Z,Aston Villa,Wolves,1,0,0.93717,0.39842,0.93717,0.39842,9.7500,10.2381,5,3,1.7575999999999998,0.9275,1,1.17429,0.74308,pitchapi
E0|2025-11-30|Chelsea|Arsenal,E0,EPL,2025,2025-11-30,2025-11-30T16:30:00Z,Chelsea,Arsenal,1,1,0.79472,1.06348,0.79472,1.06348,11.5500,7.7500,2,7,0.9354,1.7576999999999998,1,1.15276,1.93649,pitchapi
E0|2025-11-30|Crystal Palace|Man United,E0,EPL,2025,2025-11-30,2025-11-30T12:00:00Z,Crystal Palace,Man United,1,2,1.81897,1.35707,1.03057,1.35707,12.6842,8.9474,4,1,1.9058000000000002,0.812,1,1.06521,1.30075,pitchapi
E0|2025-11-30|Nott'm Forest|Brighton,E0,EPL,2025,2025-11-30,2025-11-30T14:05:00Z,Nott'm Forest,Brighton,0,2,0.88893,2.00673,0.88893,2.00673,13.1739,9.8800,11,8,0.6342,2.1597,1,0.40032,1.77293,pitchapi
E0|2025-11-30|West Ham|Liverpool,E0,EPL,2025,2025-11-30,2025-11-30T14:05:00Z,West Ham,Liverpool,0,2,0.30715,1.2408,0.30715,1.2408,13.8261,8.4783,4,9,0.3761,2.4242,1,0.0,1.63486,pitchapi
E0|2025-12-02|Bournemouth|Everton,E0,EPL,2025,2025-12-02,2025-12-02T19:30:00Z,Bournemouth,Everton,0,1,0.50356,1.43961,0.50356,1.43961,11.2857,11.7083,7,5,0.8400000000000001,1.8410999999999997,1,0.50089,0.66768,pitchapi
E0|2025-12-02|Fulham|Man City,E0,EPL,2025,2025-12-02,2025-12-02T19:30:00Z,Fulham,Man City,4,5,0.91098,2.4757,0.91098,2.4757,10.0385,17.6364,6,5,0.6456,2.1311999999999998,1,1.90867,2.28337,pitchapi
E0|2025-12-02|Newcastle|Tottenham,E0,EPL,2025,2025-12-02,2025-12-02T20:15:00Z,Newcastle,Tottenham,2,2,2.04282,0.70887,1.25442,0.70887,7.7600,12.9500,5,4,1.9952999999999999,0.7545,1,2.41695,1.42625,pitchapi
E0|2025-12-03|Arsenal|Brentford,E0,EPL,2025,2025-12-03,2025-12-03T19:30:00Z,Arsenal,Brentford,2,0,1.82282,0.30788,1.82282,0.30788,6.9259,15.6111,4,3,2.694,0.19740000000000002,1,1.28084,0.12004,pitchapi
E0|2025-12-03|Brighton|Aston Villa,E0,EPL,2025,2025-12-03,2025-12-03T19:30:00Z,Brighton,Aston Villa,3,4,2.2056,2.51776,2.2056,2.51776,6.0000,14.4211,5,11,0.6274000000000001,2.1954999999999996,1,2.19414,4.44561,pitchapi
E0|2025-12-03|Burnley|Crystal Palace,E0,EPL,2025,2025-12-03,2025-12-03T19:30:00Z,Burnley,Crystal Palace,0,1,0.95373,0.67412,0.95373,0.67412,9.7600,24.7857,9,4,1.4739,1.1972999999999998,1,0.46029,1.38276,pitchapi
E0|2025-12-03|Leeds|Chelsea,E0,EPL,2025,2025-12-03,2025-12-03T20:15:00Z,Leeds,Chelsea,3,1,2.78599,0.96167,2.78599,0.96167,23.8889,5.7143,3,8,2.3367,0.47669999999999996,1,2.52759,0.77232,pitchapi
E0|2025-12-03|Liverpool|Sunderland,E0,EPL,2025,2025-12-03,2025-12-03T20:15:00Z,Liverpool,Sunderland,1,1,1.44775,0.42084,1.44775,0.42084,9.4706,19.3333,5,3,1.9108,0.7938999999999999,1,0.7405,0.44882,pitchapi
E0|2025-12-03|Wolves|Nott'm Forest,E0,EPL,2025,2025-12-03,2025-12-03T19:30:00Z,Wolves,Nott'm Forest,0,1,0.88228,0.74365,0.88228,0.74365,9.1739,13.4211,2,7,1.2841,1.3606,1,0.14245,0.3826,pitchapi
E0|2025-12-04|Man United|West Ham,E0,EPL,2025,2025-12-04,2025-12-04T20:00:00Z,Man United,West Ham,1,1,1.85231,0.85283,1.85231,0.85283,5.4000,10.3333,7,8,2.0681,0.7105999999999999,1,0.58306,1.06171,pitchapi
E0|2025-12-06|Aston Villa|Arsenal,E0,EPL,2025,2025-12-06,2025-12-06T12:30:00Z,Aston Villa,Arsenal,2,1,2.2783,1.92336,2.2783,1.92336,13.4706,9.6364,11,9,1.9629,0.8340000000000001,1,1.99335,2.07192,pitchapi
E0|2025-12-06|Bournemouth|Chelsea,E0,EPL,2025,2025-12-06,2025-12-06T15:00:00Z,Bournemouth,Chelsea,0,0,1.50077,0.92324,1.50077,0.92324,11.0769,8.1500,6,4,2.1058,0.6232,1,0.62357,0.64139,pitchapi
E0|2025-12-06|Everton|Nott'm Forest,E0,EPL,2025,2025-12-06,2025-12-06T15:00:00Z,Everton,Nott'm Forest,3,0,1.11586,0.53386,1.11586,0.53386,8.4483,5.8077,9,1,2.2379,0.49910000000000004,1,1.79944,0.44375,pitchapi
E0|2025-12-06|Leeds|Liverpool,E0,EPL,2025,2025-12-06,2025-12-06T17:30:00Z,Leeds,Liverpool,3,3,1.57864,2.09444,0.79024,2.09444,15.0625,10.1364,4,5,1.214,1.5317,1,2.14476,3.69221,pitchapi
E0|2025-12-06|Man City|Sunderland,E0,EPL,2025,2025-12-06,2025-12-06T15:00:00Z,Man City,Sunderland,3,0,2.42745,0.70865,2.42745,0.70865,16.7857,13.1905,7,1,2.5646999999999998,0.2988,1,2.22694,0.58668,pitchapi
E0|2025-12-06|Newcastle|Burnley,E0,EPL,2025,2025-12-06,2025-12-06T15:00:00Z,Newcastle,Burnley,2,1,1.76721,1.60269,0.97881,0.81429,7.1667,22.8462,13,2,1.518,1.1873999999999998,1,2.3592,1.2264,pitchapi
E0|2025-12-06|Tottenham|Brentford,E0,EPL,2025,2025-12-06,2025-12-06T15:00:00Z,Tottenham,Brentford,2,0,2.18348,0.23049,2.18348,0.23049,8.4583,11.1667,8,8,2.7239,0.17420000000000002,1,2.88732,0.15141,pitchapi
E0|2025-12-07|Brighton|West Ham,E0,EPL,2025,2025-12-07,2025-12-07T14:00:00Z,Brighton,West Ham,1,1,1.8693,1.26479,1.8693,1.26479,6.0455,17.7333,8,3,1.6409,1.1159000000000001,1,1.0623,1.13545,pitchapi
E0|2025-12-07|Fulham|Crystal Palace,E0,EPL,2025,2025-12-07,2025-12-07T16:30:00Z,Fulham,Crystal Palace,1,2,0.75662,1.69361,0.75662,1.69361,12.1579,21.1579,5,3,0.6637,2.092,1,1.34616,2.06036,pitchapi
E0|2025-12-08|Wolves|Man United,E0,EPL,2025,2025-12-08,2025-12-08T20:00:00Z,Wolves,Man United,1,4,0.58156,4.29825,0.58156,3.50985,8.0541,4.5833,6,10,0.015099999999999999,2.9737000000000005,1,1.15568,3.3995,pitchapi
E0|2025-12-13|Arsenal|Wolves,E0,EPL,2025,2025-12-13,2025-12-13T20:00:00Z,Arsenal,Wolves,2,1,1.13174,0.31178,1.13174,0.31178,9.4167,15.2000,12,3,2.1571000000000002,0.5785,1,0.41391,0.62487,pitchapi
E0|2025-12-13|Burnley|Fulham,E0,EPL,2025,2025-12-13,2025-12-13T17:30:00Z,Burnley,Fulham,2,3,2.48492,1.9625,2.48492,1.9625,13.5652,23.8333,8,7,1.6566999999999998,1.0927,1,2.70197,3.52061,pitchapi
E0|2025-12-13|Chelsea|Everton,E0,EPL,2025,2025-12-13,2025-12-13T15:00:00Z,Chelsea,Everton,2,0,2.19783,1.04128,2.19783,1.04128,8.1739,15.2000,6,4,2.2369000000000003,0.5821000000000001,1,1.21225,0.80733,pitchapi
E0|2025-12-13|Liverpool|Brighton,E0,EPL,2025,2025-12-13,2025-12-13T15:00:00Z,Liverpool,Brighton,2,0,1.88607,1.90018,1.88607,1.90018,18.3125,9.8667,12,8,1.8756,0.9045,1,1.21519,0.62253,pitchapi
E0|2025-12-14|Brentford|Leeds,E0,EPL,2025,2025-12-14,2025-12-14T16:30:00Z,Brentford,Leeds,1,1,0.6181,1.51776,0.6181,1.51776,8.6500,18.3125,6,9,0.6105,2.1303,1,0.51403,1.66978,pitchapi
E0|2025-12-14|Crystal Palace|Man City,E0,EPL,2025,2025-12-14,2025-12-14T14:00:00Z,Crystal Palace,Man City,0,3,1.88267,1.23884,1.88267,0.45044,13.3704,13.0000,8,3,1.2586000000000002,1.4515,1,1.06559,1.92992,pitchapi
E0|2025-12-14|Nott'm Forest|Tottenham,E0,EPL,2025,2025-12-14,2025-12-14T14:00:00Z,Nott'm Forest,Tottenham,3,0,2.33405,0.33381,2.33405,0.33381,8.3600,7.8846,1,4,2.7379,0.1654,1,2.01122,0.51795,pitchapi
E0|2025-12-14|Sunderland|Newcastle,E0,EPL,2025,2025-12-14,2025-12-14T14:00:00Z,Sunderland,Newcastle,1,0,0.29587,0.24214,0.29587,0.24214,11.6522,10.4375,5,4,1.8202,0.7123,1,0.24429,0.28604,pitchapi
E0|2025-12-14|West Ham|Aston Villa,E0,EPL,2025,2025-12-14,2025-12-14T14:00:00Z,West Ham,Aston Villa,2,3,1.02537,0.72715,1.02537,0.72715,12.4286,10.8571,0,3,2.0064,0.6824999999999999,1,0.72679,0.87491,pitchapi
E0|2025-12-15|Man United|Bournemouth,E0,EPL,2025,2025-12-15,2025-12-15T20:00:00Z,Man United,Bournemouth,4,4,3.39796,2.0271,3.39796,2.0271,6.0556,13.5385,18,12,1.937,0.8651,1,3.35977,3.29781,pitchapi
E0|2025-12-20|Bournemouth|Burnley,E0,EPL,2025,2025-12-20,2025-12-20T15:00:00Z,Bournemouth,Burnley,1,1,1.40805,0.38239,1.40805,0.38239,5.5000,10.5909,12,3,2.4666,0.34109999999999996,1,0.35672,0.94347,pitchapi
E0|2025-12-20|Brighton|Sunderland,E0,EPL,2025,2025-12-20,2025-12-20T15:00:00Z,Brighton,Sunderland,0,0,1.12785,1.39352,1.12785,1.39352,9.8824,8.5200,10,8,1.0229,1.6883000000000001,1,0.23709,0.62879,pitchapi
E0|2025-12-20|Everton|Arsenal,E0,EPL,2025,2025-12-20,2025-12-20T20:00:00Z,Everton,Arsenal,0,1,0.19371,2.1341,0.19371,1.3457,24.1176,13.8571,0,13,0.17,2.7131,1,0.16329,0.8501,pitchapi
E0|2025-12-20|Leeds|Crystal Palace,E0,EPL,2025,2025-12-20,2025-12-20T20:00:00Z,Leeds,Crystal Palace,4,1,3.26888,1.57267,3.26888,0.78427,10.4737,8.7586,7,5,2.3453999999999997,0.4698,1,3.16607,0.90046,pitchapi
E0|2025-12-20|Man City|West Ham,E0,EPL,2025,2025-12-20,2025-12-20T15:00:00Z,Man City,West Ham,3,0,2.13006,1.14174,2.13006,1.14174,7.7576,19.0909,14,2,2.7782,0.1532,1,2.81097,0.81575,pitchapi
E0|2025-12-20|Newcastle|Chelsea,E0,EPL,2025,2025-12-20,2025-12-20T12:30:00Z,Newcastle,Chelsea,2,2,2.4897,1.21925,2.4897,1.21925,8.2963,9.1500,7,7,2.6139,0.2691,1,2.31615,1.44465,pitchapi
E0|2025-12-20|Tottenham|Liverpool,E0,EPL,2025,2025-12-20,2025-12-20T17:30:00Z,Tottenham,Liverpool,1,2,1.06747,0.66224,1.06747,0.66224,17.8125,12.2308,2,10,1.4414,1.2494,1,1.15439,1.27564,pitchapi
E0|2025-12-20|Wolves|Brentford,E0,EPL,2025,2025-12-20,2025-12-20T15:00:00Z,Wolves,Brentford,0,2,1.26828,1.34748,0.47988,1.34748,13.3182,6.2333,6,9,1.13,1.5776000000000001,1,0.98957,1.70019,pitchapi
E0|2025-12-21|Aston Villa|Man United,E0,EPL,2025,2025-12-21,2025-12-21T16:30:00Z,Aston Villa,Man United,2,1,1.50651,1.33413,1.50651,1.33413,11.5217,5.7895,1,8,1.8699,0.8601000000000001,1,1.70235,0.85049,pitchapi
E0|2025-12-22|Fulham|Nott'm Forest,E0,EPL,2025,2025-12-22,2025-12-22T20:00:00Z,Fulham,Nott'm Forest,1,0,1.54498,0.66763,0.75658,0.66763,23.5833,16.0000,5,7,2.4221,0.3848,1,0.74687,0.07717,pitchapi
E0|2025-12-26|Man United|Newcastle,E0,EPL,2025,2025-12-26,2025-12-26T20:00:00Z,Man United,Newcastle,1,0,1.27054,1.17802,1.27054,1.17802,16.5000,7.7083,1,9,1.208,1.4795,1,0.96473,0.95984,pitchapi
E0|2025-12-27|Arsenal|Brighton,E0,EPL,2025,2025-12-27,2025-12-27T15:00:00Z,Arsenal,Brighton,2,1,3.26554,0.84972,3.26554,0.84972,13.8824,10.8261,8,6,2.5946,0.2768,1,1.68516,1.11579,pitchapi
E0|2025-12-27|Brentford|Bournemouth,E0,EPL,2025,2025-12-27,2025-12-27T15:00:00Z,Brentford,Bournemouth,4,1,3.55481,2.71596,3.55481,2.71596,8.3000,6.8667,9,5,1.5703,1.1932,1,3.30838,1.18251,pitchapi
E0|2025-12-27|Burnley|Everton,E0,EPL,2025,2025-12-27,2025-12-27T15:00:00Z,Burnley,Everton,0,0,1.41059,0.84851,1.41059,0.84851,8.4286,11.6190,4,6,1.3078,1.3984,1,0.0,1.53575,pitchapi
E0|2025-12-27|Chelsea|Aston Villa,E0,EPL,2025,2025-12-27,2025-12-27T17:30:00Z,Chelsea,Aston Villa,1,2,2.14363,1.24747,2.14363,1.24747,4.7949,40.5714,11,6,1.2811,1.444,1,1.42688,2.94627,pitchapi
E0|2025-12-27|Liverpool|Wolves,E0,EPL,2025,2025-12-27,2025-12-27T15:00:00Z,Liverpool,Wolves,2,1,1.54364,1.27774,1.54364,1.27774,7.4348,13.4091,12,2,2.0151,0.6966,1,1.6398,1.35098,pitchapi
E0|2025-12-27|Nott'm Forest|Man City,E0,EPL,2025,2025-12-27,2025-12-27T12:30:00Z,Nott'm Forest,Man City,1,2,0.59669,1.45239,0.59669,1.45239,18.6875,6.4762,4,11,0.655,2.0779,1,0.58301,1.46108,pitchapi
E0|2025-12-27|West Ham|Fulham,E0,EPL,2025,2025-12-27,2025-12-27T15:00:00Z,West Ham,Fulham,0,1,0.91134,1.62437,0.91134,1.62437,12.3500,10.0000,11,5,1.3638,1.3251,1,0.20143,1.36461,pitchapi
E0|2025-12-28|Crystal Palace|Tottenham,E0,EPL,2025,2025-12-28,2025-12-28T16:30:00Z,Crystal Palace,Tottenham,0,1,1.47063,0.88057,1.47063,0.88057,7.2609,33.1111,16,6,1.3204,1.3333000000000002,1,0.11287,1.02783,pitchapi
E0|2025-12-28|Sunderland|Leeds,E0,EPL,2025,2025-12-28,2025-12-28T14:00:00Z,Sunderland,Leeds,1,1,0.70131,2.16701,0.70131,2.16701,20.3333,9.8636,5,16,0.30510000000000004,2.5662,1,0.51005,1.22045,pitchapi
E0|2025-12-30|Arsenal|Aston Villa,E0,EPL,2025,2025-12-30,2025-12-30T20:15:00Z,Arsenal,Aston Villa,4,1,3.04364,3.38474,3.04364,3.38474,8.4516,21.3750,8,4,2.2514,0.5795,1,2.71878,1.64111,pitchapi
E0|2025-12-30|Burnley|Newcastle,E0,EPL,2025,2025-12-30,2025-12-30T19:30:00Z,Burnley,Newcastle,1,3,1.0997,3.07358,1.0997,3.07358,12.2609,11.5000,11,7,0.583,2.2210000000000005,1,0.57662,2.47855,pitchapi
E0|2025-12-30|Chelsea|Bournemouth,E0,EPL,2025,2025-12-30,2025-12-30T19:30:00Z,Chelsea,Bournemouth,2,2,2.31238,3.13812,1.52398,3.13812,4.9583,15.8125,10,8,0.6411,2.1684,1,2.10657,2.0183,pitchapi
E0|2025-12-30|Man United|Wolves,E0,EPL,2025,2025-12-30,2025-12-30T20:15:00Z,Man United,Wolves,1,1,0.83749,1.29489,0.83749,1.29489,7.6667,17.4118,6,7,1.2485,1.4411,1,0.72758,1.02039,pitchapi
E0|2025-12-30|Nott'm Forest|Everton,E0,EPL,2025,2025-12-30,2025-12-30T19:30:00Z,Nott'm Forest,Everton,0,2,1.55352,1.25754,1.55352,1.25754,5.5556,13.4348,16,4,1.3967,1.3394,1,0.94323,0.85758,pitchapi
E0|2025-12-30|West Ham|Brighton,E0,EPL,2025,2025-12-30,2025-12-30T19:30:00Z,West Ham,Brighton,2,2,2.07717,2.94145,1.28877,1.36465,14.5238,6.8462,5,5,0.8082,1.9821,1,1.845,2.70043,pitchapi
E0|2026-01-01|Brentford|Tottenham,E0,EPL,2025,2026-01-01,2026-01-01T20:00:00Z,Brentford,Tottenham,0,0,0.92375,0.86232,0.92375,0.86232,7.6071,18.9375,3,7,1.2242,1.3421,1,0.28646,0.89254,pitchapi
E0|2026-01-01|Crystal Palace|Fulham,E0,EPL,2025,2026-01-01,2026-01-01T17:30:00Z,Crystal Palace,Fulham,1,1,1.91354,1.76147,1.91354,1.76147,25.7692,8.1200,10,9,1.8459999999999999,0.9235000000000001,1,1.37253,1.56328,pitchapi
E0|2026-01-01|Liverpool|Leeds,E0,EPL,2025,2026-01-01,2026-01-01T17:30:00Z,Liverpool,Leeds,0,0,2.11053,0.69463,2.11053,0.69463,6.5217,17.5000,10,1,2.6571000000000002,0.1995,1,0.76169,0.9702,pitchapi
E0|2026-01-01|Sunderland|Man City,E0,EPL,2025,2026-01-01,2026-01-01T20:00:00Z,Sunderland,Man City,0,0,0.88302,2.24975,0.88302,2.24975,8.5405,5.6923,5,17,0.4552,2.3851,1,0.61315,0.74473,pitchapi
E0|2026-01-03|Aston Villa|Nott'm Forest,E0,EPL,2025,2026-01-03,2026-01-03T12:30:00Z,Aston Villa,Nott'm Forest,3,1,1.69173,0.88655,1.69173,0.88655,4.0303,14.6087,20,3,1.8039999999999998,0.9106,1,1.61496,1.67188,pitchapi
E0|2026-01-03|Bournemouth|Arsenal,E0,EPL,2025,2026-01-03,2026-01-03T17:30:00Z,Bournemouth,Arsenal,2,3,1.36411,1.12994,1.36411,1.12994,15.6250,7.9545,4,9,1.0641,1.6371,1,1.06202,1.72648,pitchapi
E0|2026-01-03|Brighton|Burnley,E0,EPL,2025,2026-01-03,2026-01-03T15:00:00Z,Brighton,Burnley,2,0,1.44936,0.28164,1.44936,0.28164,12.2632,14.2069,6,1,2.3977,0.37870000000000004,1,0.72181,0.22404,pitchapi
E0|2026-01-03|Wolves|West Ham,E0,EPL,2025,2026-01-03,2026-01-03T15:00:00Z,Wolves,West Ham,3,0,1.87006,0.31919,1.08166,0.31919,28.0000,5.2188,2,6,2.8108000000000004,0.1111,1,2.14229,0.0,pitchapi
E0|2026-01-04|Everton|Brentford,E0,EPL,2025,2026-01-04,2026-01-04T15:00:00Z,Everton,Brentford,2,4,0.88976,2.65623,0.88976,2.65623,11.0000,9.2000,5,5,0.2893,2.5972,1,1.16332,3.09623,pitchapi
E0|2026-01-04|Fulham|Liverpool,E0,EPL,2025,2026-01-04,2026-01-04T15:15:00Z,Fulham,Liverpool,2,2,0.72355,1.37154,0.72355,1.37154,18.6667,20.2857,4,8,0.5047999999999999,2.2775,1,1.06252,1.21377,pitchapi
E0|2026-01-04|Leeds|Man United,E0,EPL,2025,2026-01-04,2026-01-04T12:30:00Z,Leeds,Man United,1,1,0.89904,1.58492,0.89904,1.58492,8.8286,10.5000,11,8,0.6536000000000001,2.1113,1,1.52416,0.39137,pitchapi
E0|2026-01-04|Man City|Chelsea,E0,EPL,2025,2026-01-04,2026-01-04T17:30:00Z,Man City,Chelsea,1,1,1.01734,2.0998,1.01734,2.0998,8.2121,13.1600,7,2,0.5465,2.2523,1,1.23119,1.89698,pitchapi
E0|2026-01-04|Newcastle|Crystal Palace,E0,EPL,2025,2026-01-04,2026-01-04T15:00:00Z,Newcastle,Crystal Palace,2,0,2.24511,0.72383,2.24511,0.72383,9.1875,9.2667,10,9,2.412,0.4227,1,2.64916,0.04047,pitchapi
E0|2026-01-04|Tottenham|Sunderland,E0,EPL,2025,2026-01-04,2026-01-04T15:00:00Z,Tottenham,Sunderland,1,1,1.18117,0.41127,1.18117,0.41127,7.4074,8.2500,9,9,2.3072,0.4607,1,1.15728,1.6323,pitchapi
E0|2026-01-06|West Ham|Nott'm Forest,E0,EPL,2025,2026-01-06,2026-01-06T20:00:00Z,West Ham,Nott'm Forest,1,2,0.95291,1.37546,0.95291,0.58706,9.9474,12.0000,7,8,1.7281999999999997,0.9863,1,0.37283,2.27847,pitchapi
E0|2026-01-07|Bournemouth|Tottenham,E0,EPL,2025,2026-01-07,2026-01-07T19:30:00Z,Bournemouth,Tottenham,3,2,1.29112,1.24201,1.29112,1.24201,9.0714,9.2222,4,8,1.0072,1.7059,1,1.40567,1.78064,pitchapi
E0|2026-01-07|Brentford|Sunderland,E0,EPL,2025,2026-01-07,2026-01-07T19:30:00Z,Brentford,Sunderland,3,0,3.24324,1.80059,3.24324,1.01219,14.1875,10.6316,13,5,2.7173,0.1961,1,3.16144,0.92034,pitchapi
E0|2026-01-07|Burnley|Man United,E0,EPL,2025,2026-01-07,2026-01-07T20:15:00Z,Burnley,Man United,2,2,0.28052,2.54656,0.28052,2.54656,11.8077,8.3333,1,13,0.1727,2.7248,1,0.7801,2.39847,pitchapi
E0|2026-01-07|Crystal Palace|Aston Villa,E0,EPL,2025,2026-01-07,2026-01-07T19:30:00Z,Crystal Palace,Aston Villa,0,0,1.50756,1.73931,1.50756,1.73931,19.3333,13.4667,8,10,0.8117,1.9556,1,1.58497,0.75805,pitchapi
E0|2026-01-07|Everton|Wolves,E0,EPL,2025,2026-01-07,2026-01-07T19:30:00Z,Everton,Wolves,1,1,0.88925,0.72535,0.88925,0.72535,10.2083,10.5263,2,5,2.1634,0.6043000000000001,1,0.93733,1.70807,pitchapi
E0|2026-01-07|Fulham|Chelsea,E0,EPL,2025,2026-01-07,2026-01-07T19:30:00Z,Fulham,Chelsea,2,1,1.23422,2.5243,1.23422,2.5243,10.5926,12.6087,15,5,0.47419999999999995,2.3612,1,1.80011,1.92579,pitchapi
E0|2026-01-07|Man City|Brighton,E0,EPL,2025,2026-01-07,2026-01-07T19:30:00Z,Man City,Brighton,1,1,2.55784,1.15589,1.76944,1.15589,9.5926,12.4000,13,1,2.4293,0.41,1,1.70701,1.10134,pitchapi
E0|2026-01-07|Newcastle|Leeds,E0,EPL,2025,2026-01-07,2026-01-07T20:15:00Z,Newcastle,Leeds,4,3,2.45476,1.89191,1.66636,1.10351,8.1500,10.9333,8,5,1.4559000000000002,1.2912,1,2.87112,2.22219,pitchapi
E0|2026-01-08|Arsenal|Liverpool,E0,EPL,2025,2026-01-08,2026-01-08T20:00:00Z,Arsenal,Liverpool,0,0,0.57393,0.31638,0.57393,0.31638,13.3810,19.1818,10,0,1.6844,0.8744000000000001,1,0.67844,0.0,pitchapi
E0|2026-01-17|Chelsea|Brentford,E0,EPL,2025,2026-01-17,2026-01-17T15:00:00Z,Chelsea,Brentford,2,0,1.59819,1.51605,0.80979,1.51605,17.9412,10.5385,1,9,1.5375999999999999,1.1815,1,1.24309,0.60146,pitchapi
E0|2026-01-17|Leeds|Fulham,E0,EPL,2025,2026-01-17,2026-01-17T15:00:00Z,Leeds,Fulham,1,0,1.43062,0.37942,1.43062,0.37942,17.1579,11.8000,5,4,2.7083,0.1754,1,1.11898,0.05969,pitchapi
E0|2026-01-17|Liverpool|Burnley,E0,EPL,2025,2026-01-17,2026-01-17T15:00:00Z,Liverpool,Burnley,1,1,3.18297,0.39649,2.39457,0.39649,6.9412,16.5882,27,5,2.8823000000000003,0.0767,1,2.16895,0.07987,pitchapi
E0|2026-01-17|Man United|Man City,E0,EPL,2025,2026-01-17,2026-01-17T12:30:00Z,Man United,Man City,2,0,2.28928,0.46556,2.28928,0.46556,15.8500,6.5714,4,11,2.8665000000000003,0.08460000000000001,1,1.74669,0.31208,pitchapi
E0|2026-01-17|Nott'm Forest|Arsenal,E0,EPL,2025,2026-01-17,2026-01-17T17:30:00Z,Nott'm Forest,Arsenal,0,0,0.34033,2.09815,0.34033,2.09815,31.5556,6.3000,5,12,0.0732,2.8794,1,0.0,0.85225,pitchapi
E0|2026-01-17|Sunderland|Crystal Palace,E0,EPL,2025,2026-01-17,2026-01-17T15:00:00Z,Sunderland,Crystal Palace,2,1,1.84005,0.50498,1.84005,0.50498,8.1579,12.1500,2,2,1.9298,0.8102,1,2.64105,1.0674,pitchapi
E0|2026-01-17|Tottenham|West Ham,E0,EPL,2025,2026-01-17,2026-01-17T15:00:00Z,Tottenham,West Ham,1,2,1.47582,2.84603,1.47582,2.84603,5.7931,12.0500,11,3,0.6295,2.1685,1,1.58881,2.54083,pitchapi
E0|2026-01-18|Aston Villa|Everton,E0,EPL,2025,2026-01-18,2026-01-18T16:30:00Z,Aston Villa,Everton,0,1,1.44073,0.51148,1.44073,0.51148,7.8947,11.2500,10,3,1.4266999999999999,1.2161,1,0.96886,0.98353,pitchapi
E0|2026-01-18|Wolves|Newcastle,E0,EPL,2025,2026-01-18,2026-01-18T14:00:00Z,Wolves,Newcastle,0,0,0.2869,0.94952,0.2869,0.94952,25.0000,7.6000,5,7,0.8858999999999999,1.7229,1,0.15117,0.48237,pitchapi
E0|2026-01-19|Brighton|Bournemouth,E0,EPL,2025,2026-01-19,2026-01-19T20:00:00Z,Brighton,Bournemouth,1,1,1.02449,1.28667,1.02449,0.49827,6.6500,22.3846,8,7,0.78,1.9743000000000002,1,1.60016,1.02845,pitchapi
E0|2026-01-24|Bournemouth|Liverpool,E0,EPL,2025,2026-01-24,2026-01-24T17:30:00Z,Bournemouth,Liverpool,3,2,2.50133,0.92924,2.50133,0.92924,34.0000,9.8750,7,18,2.7662,0.1613,1,1.58958,1.16856,pitchapi
E0|2026-01-24|Burnley|Tottenham,E0,EPL,2025,2026-01-24,2026-01-24T15:00:00Z,Burnley,Tottenham,2,2,1.60841,2.05607,1.60841,2.05607,11.7241,7.5185,5,4,0.6716,2.1158,1,1.90334,3.31965,pitchapi
E0|2026-01-24|Fulham|Brighton,E0,EPL,2025,2026-01-24,2026-01-24T15:00:00Z,Fulham,Brighton,2,1,1.04941,1.67425,1.04941,1.67425,17.5294,13.6522,7,6,0.7442,2.0177,1,1.06116,0.51312,pitchapi
E0|2026-01-24|Man City|Wolves,E0,EPL,2025,2026-01-24,2026-01-24T15:00:00Z,Man City,Wolves,2,0,0.86096,0.58796,0.86096,0.58796,5.9231,20.6111,10,2,1.8209,0.8474,1,0.96338,0.06882,pitchapi
E0|2026-01-24|West Ham|Sunderland,E0,EPL,2025,2026-01-24,2026-01-24T12:30:00Z,West Ham,Sunderland,3,1,1.52285,0.69438,0.73445,0.69438,13.9444,8.5909,5,1,2.4935,0.344,1,1.21615,1.0123,pitchapi
E0|2026-01-25|Arsenal|Man United,E0,EPL,2025,2026-01-25,2026-01-25T16:30:00Z,Arsenal,Man United,2,3,1.19366,0.71918,1.19366,0.71918,8.6087,12.0588,12,1,2.0776,0.6517,1,1.90473,0.47601,pitchapi
E0|2026-01-25|Brentford|Nott'm Forest,E0,EPL,2025,2026-01-25,2026-01-25T14:00:00Z,Brentford,Nott'm Forest,0,2,1.80869,0.53626,1.80869,0.53626,5.3077,17.0000,13,3,1.9017999999999997,0.8089,1,0.36322,0.5917,pitchapi
E0|2026-01-25|Crystal Palace|Chelsea,E0,EPL,2025,2026-01-25,2026-01-25T14:00:00Z,Crystal Palace,Chelsea,1,3,1.78265,1.86488,1.78265,1.07648,17.4167,9.3077,5,4,0.9526,1.8348999999999998,1,1.90394,1.28612,pitchapi
E0|2026-01-25|Newcastle|Aston Villa,E0,EPL,2025,2026-01-25,2026-01-25T14:00:00Z,Newcastle,Aston Villa,0,2,2.17543,1.16215,2.17543,1.16215,6.5455,11.2917,4,6,1.8803999999999998,0.8787,1,1.3053,1.81062,pitchapi
E0|2026-01-26|Everton|Leeds,E0,EPL,2025,2026-01-26,2026-01-26T20:00:00Z,Everton,Leeds,1,1,0.75248,1.39136,0.75248,1.39136,12.7778,10.2727,6,7,0.7228,2.0182,1,1.21301,0.79426,pitchapi
E0|2026-01-31|Brighton|Everton,E0,EPL,2025,2026-01-31,2026-01-31T15:00:00Z,Brighton,Everton,1,1,1.43925,1.17224,1.43925,1.17224,7.3333,16.5556,9,7,1.4662,1.234,1,0.99761,1.55225,pitchapi
E0|2026-01-31|Chelsea|West Ham,E0,EPL,2025,2026-01-31,2026-01-31T17:30:00Z,Chelsea,West Ham,3,2,3.2411,1.09941,3.2411,1.09941,5.0385,32.3333,6,6,2.058,0.7209,1,2.63611,1.15679,pitchapi
E0|2026-01-31|Leeds|Arsenal,E0,EPL,2025,2026-01-31,2026-01-31T15:00:00Z,Leeds,Arsenal,0,4,0.11341,2.19356,0.11341,2.19356,9.5909,12.2105,1,6,0.0267,2.9532,1,0.30619,1.51383,pitchapi
E0|2026-01-31|Liverpool|Newcastle,E0,EPL,2025,2026-01-31,2026-01-31T20:00:00Z,Liverpool,Newcastle,4,1,2.28218,0.37006,2.28218,0.37006,10.0526,17.0833,11,6,2.8832,0.07250000000000001,1,3.13261,0.53274,pitchapi
E0|2026-01-31|Wolves|Bournemouth,E0,EPL,2025,2026-01-31,2026-01-31T15:00:00Z,Wolves,Bournemouth,0,2,1.39256,1.28607,1.39256,1.28607,13.5714,12.2083,5,4,1.7312,1.0088,1,1.40172,1.55613,pitchapi
E0|2026-02-01|Aston Villa|Brentford,E0,EPL,2025,2026-02-01,2026-02-01T14:00:00Z,Aston Villa,Brentford,0,1,2.41773,0.3764,2.41773,0.3764,8.6250,18.2308,20,2,2.6269,0.2368,1,0.97962,0.69914,pitchapi
E0|2026-02-01|Man United|Fulham,E0,EPL,2025,2026-02-01,2026-02-01T14:00:00Z,Man United,Fulham,3,2,1.85712,1.94208,1.85712,1.15368,19.3529,11.8421,7,7,1.4507999999999999,1.2828,1,2.4425,3.34778,pitchapi
E0|2026-02-01|Nott'm Forest|Crystal Palace,E0,EPL,2025,2026-02-01,2026-02-01T14:00:00Z,Nott'm Forest,Crystal Palace,1,1,0.54592,1.89919,0.54592,1.11079,34.7500,4.6452,3,10,0.8073,1.9155000000000002,1,0.90961,0.81687,pitchapi
E0|2026-02-01|Tottenham|Man City,E0,EPL,2025,2026-02-01,2026-02-01T16:30:00Z,Tottenham,Man City,2,2,1.19104,2.08426,1.19104,2.08426,11.6333,9.6000,10,7,0.992,1.7692999999999999,1,1.99571,1.25864,pitchapi
E0|2026-02-02|Sunderland|Burnley,E0,EPL,2025,2026-02-02,2026-02-02T20:00:00Z,Sunderland,Burnley,3,0,1.22741,0.05795,1.22741,0.05795,19.6667,10.6957,7,2,2.7438,0.14429999999999998,1,1.26233,0.0,pitchapi
E0|2026-02-06|Leeds|Nott'm Forest,E0,EPL,2025,2026-02-06,2026-02-06T20:00:00Z,Leeds,Nott'm Forest,3,1,2.84845,1.3312,2.84845,1.3312,9.1500,21.5000,10,6,2.4720999999999997,0.388,1,3.17233,1.49364,pitchapi
E0|2026-02-07|Arsenal|Sunderland,E0,EPL,2025,2026-02-07,2026-02-07T15:00:00Z,Arsenal,Sunderland,3,0,1.49218,0.16156,1.49218,0.16156,9.0769,13.7143,9,1,2.0242999999999998,0.6584,1,1.23153,0.59885,pitchapi
E0|2026-02-07|Bournemouth|Aston Villa,E0,EPL,2025,2026-02-07,2026-02-07T15:00:00Z,Bournemouth,Aston Villa,1,1,2.08043,0.59286,2.08043,0.59286,11.9412,13.5882,6,8,2.2787999999999995,0.5115,1,2.13575,1.33159,pitchapi
E0|2026-02-07|Burnley|West Ham,E0,EPL,2025,2026-02-07,2026-02-07T15:00:00Z,Burnley,West Ham,0,2,1.33726,0.69456,1.33726,0.69456,11.4348,14.4667,6,4,1.9272,0.8090999999999999,1,0.62602,1.09188,pitchapi
E0|2026-02-07|Fulham|Everton,E0,EPL,2025,2026-02-07,2026-02-07T15:00:00Z,Fulham,Everton,1,2,1.95899,1.8812,1.95899,1.8812,12.8235,12.7273,11,6,1.5973000000000002,1.1731,1,1.6746,0.73402,pitchapi
E0|2026-02-07|Man United|Tottenham,E0,EPL,2025,2026-02-07,2026-02-07T12:30:00Z,Man United,Tottenham,2,0,1.77599,0.50383,1.77599,0.50383,8.9545,20.2000,18,8,2.4863,0.35509999999999997,1,1.48864,0.18712,pitchapi
E0|2026-02-07|Newcastle|Brentford,E0,EPL,2025,2026-02-07,2026-02-07T17:30:00Z,Newcastle,Brentford,2,3,2.24344,1.78798,1.45504,0.99958,17.3333,11.0500,8,11,2.4699999999999998,0.3922,1,1.74691,1.62544,pitchapi
E0|2026-02-07|Wolves|Chelsea,E0,EPL,2025,2026-02-07,2026-02-07T15:00:00Z,Wolves,Chelsea,1,3,1.03601,3.43879,1.03601,1.86199,34.6000,9.4800,6,10,0.1347,2.8028999999999997,1,1.10865,3.02736,pitchapi
E0|2026-02-08|Brighton|Crystal Palace,E0,EPL,2025,2026-02-08,2026-02-08T14:00:00Z,Brighton,Crystal Palace,0,1,0.74433,1.15702,0.74433,1.15702,7.5714,20.4444,3,6,1.1303,1.5053,1,0.2412,0.86646,pitchapi
E0|2026-02-08|Liverpool|Man City,E0,EPL,2025,2026-02-08,2026-02-08T16:30:00Z,Liverpool,Man City,1,2,1.00368,2.74827,1.00368,1.95987,19.6667,7.4400,8,12,0.5914999999999999,2.2124,1,0.49835,1.9936,pitchapi
E0|2026-02-10|Chelsea|Leeds,E0,EPL,2025,2026-02-10,2026-02-10T19:30:00Z,Chelsea,Leeds,2,2,3.12968,1.44098,2.34128,0.65258,10.4000,24.7647,9,2,2.6114,0.25880000000000003,1,1.45369,1.74389,pitchapi
E0|2026-02-10|Everton|Bournemouth,E0,EPL,2025,2026-02-10,2026-02-10T19:30:00Z,Everton,Bournemouth,1,2,2.96314,1.33816,2.17474,1.33816,8.4000,13.0000,5,5,2.0488,0.7162,1,2.46915,2.06155,pitchapi
E0|2026-02-10|Tottenham|Newcastle,E0,EPL,2025,2026-02-10,2026-02-10T19:30:00Z,Tottenham,Newcastle,1,2,1.8007,2.49901,1.8007,2.49901,7.3636,8.4074,9,11,0.8519,1.9274,1,0.73024,1.58665,pitchapi
E0|2026-02-10|West Ham|Man United,E0,EPL,2025,2026-02-10,2026-02-10T20:15:00Z,West Ham,Man United,1,1,1.10033,0.57469,1.10033,0.57469,15.7143,10.6667,1,5,1.909,0.7972000000000001,1,1.4362,0.48108,pitchapi
E0|2026-02-11|Aston Villa|Brighton,E0,EPL,2025,2026-02-11,2026-02-11T19:30:00Z,Aston Villa,Brighton,1,0,0.72436,0.56158,0.72436,0.56158,16.1429,8.3793,10,5,1.3666,1.186,1,0.16059,0.33444,pitchapi
E0|2026-02-11|Crystal Palace|Burnley,E0,EPL,2025,2026-02-11,2026-02-11T19:40:00Z,Crystal Palace,Burnley,2,3,1.79694,0.50502,1.79694,0.50502,7.6842,18.7059,15,5,2.3823,0.4368,1,1.0492,1.27359,pitchapi
E0|2026-02-11|Man City|Fulham,E0,EPL,2025,2026-02-11,2026-02-11T19:30:00Z,Man City,Fulham,3,0,1.36788,1.41781,1.36788,1.41781,14.5714,17.4762,5,3,1.8575,0.8878999999999999,1,1.62088,0.45956,pitchapi
E0|2026-02-11|Nott'm Forest|Wolves,E0,EPL,2025,2026-02-11,2026-02-11T19:30:00Z,Nott'm Forest,Wolves,0,0,2.66514,0.4189,2.66514,0.4189,7.1818,9.9167,13,2,2.9376,0.0375,1,2.03656,0.11525,pitchapi
E0|2026-02-11|Sunderland|Liverpool,E0,EPL,2025,2026-02-11,2026-02-11T20:15:00Z,Sunderland,Liverpool,0,1,0.6279,2.52862,0.6279,2.52862,11.4211,9.8571,8,10,0.1827,2.7369,1,0.52486,1.44282,pitchapi
E0|2026-02-12|Brentford|Arsenal,E0,EPL,2025,2026-02-12,2026-02-12T20:00:00Z,Brentford,Arsenal,1,1,1.50679,0.6046,1.50679,0.6046,9.5238,8.0909,5,9,2.1405000000000003,0.6291,1,1.86741,0.96018,pitchapi
E0|2026-02-18|Wolves|Arsenal,E0,EPL,2025,2026-02-18,2026-02-18T20:00:00Z,Wolves,Arsenal,2,2,0.29064,1.60959,0.29064,1.60959,11.4444,8.2083,4,5,0.1297,2.7840999999999996,1,1.13721,1.26101,pitchapi
E0|2026-02-21|Aston Villa|Leeds,E0,EPL,2025,2026-02-21,2026-02-21T15:00:00Z,Aston Villa,Leeds,1,1,1.46013,1.38835,1.46013,1.38835,5.3333,9.8800,11,3,1.3373,1.3724,1,1.83033,0.92029,pitchapi
E0|2026-02-21|Brentford|Brighton,E0,EPL,2025,2026-02-21,2026-02-21T15:00:00Z,Brentford,Brighton,0,2,1.60185,1.09703,1.60185,1.09703,15.3077,9.0370,8,5,1.6272,1.0887,1,0.595,1.33413,pitchapi
E0|2026-02-21|Chelsea|Burnley,E0,EPL,2025,2026-02-21,2026-02-21T15:00:00Z,Chelsea,Burnley,1,1,1.98753,0.84547,1.98753,0.84547,7.6818,15.6316,12,4,2.4515,0.38570000000000004,1,1.16185,1.11526,pitchapi
E0|2026-02-21|Man City|Newcastle,E0,EPL,2025,2026-02-21,2026-02-21T20:00:00Z,Man City,Newcastle,2,1,1.65175,0.62346,1.65175,0.62346,9.5652,8.1923,11,1,2.5799000000000003,0.28280000000000005,1,2.17671,1.10386,pitchapi
E0|2026-02-21|West Ham|Bournemouth,E0,EPL,2025,2026-02-21,2026-02-21T17:30:00Z,West Ham,Bournemouth,0,0,3.45314,0.59208,3.45314,0.59208,12.4545,7.6522,8,3,2.6363999999999996,0.24330000000000002,1,1.57781,0.27917,pitchapi
E0|2026-02-22|Crystal Palace|Wolves,E0,EPL,2025,2026-02-22,2026-02-22T14:00:00Z,Crystal Palace,Wolves,1,0,1.9976,1.63277,1.9976,0.84437,6.0500,10.0000,4,5,1.6461000000000001,1.0848,1,1.48229,2.06446,pitchapi
E0|2026-02-22|Nott'm Forest|Liverpool,E0,EPL,2025,2026-02-22,2026-02-22T14:00:00Z,Nott'm Forest,Liverpool,0,1,1.19045,1.80584,1.19045,1.80584,10.6000,9.0909,2,3,0.346,2.5054,1,0.65302,1.85968,pitchapi
E0|2026-02-22|Sunderland|Fulham,E0,EPL,2025,2026-02-22,2026-02-22T14:00:00Z,Sunderland,Fulham,1,3,1.84612,1.88022,1.05772,1.09182,16.4167,12.0476,16,8,1.0548,1.6787999999999998,1,1.01597,2.16914,pitchapi
E0|2026-02-22|Tottenham|Arsenal,E0,EPL,2025,2026-02-22,2026-02-22T16:30:00Z,Tottenham,Arsenal,1,4,0.69373,2.06671,0.69373,2.06671,7.4643,5.7333,0,9,0.0665,2.8933999999999997,1,1.65643,2.06429,pitchapi
E0|2026-02-23|Everton|Man United,E0,EPL,2025,2026-02-23,2026-02-23T20:00:00Z,Everton,Man United,0,1,0.63456,1.26558,0.63456,1.26558,10.9583,13.8333,6,5,0.5678,2.1872,1,0.86498,1.09579,pitchapi
E0|2026-02-27|Wolves|Aston Villa,E0,EPL,2025,2026-02-27,2026-02-27T20:00:00Z,Wolves,Aston Villa,2,0,0.86133,1.02577,0.86133,1.02577,17.1053,5.3333,1,7,1.5504999999999998,1.1668,1,0.87929,0.84659,pitchapi
E0|2026-02-28|Bournemouth|Sunderland,E0,EPL,2025,2026-02-28,2026-02-28T12:30:00Z,Bournemouth,Sunderland,1,1,1.72016,1.50759,1.72016,1.50759,4.7778,5.9118,9,1,1.9301000000000001,0.8050999999999999,1,1.05968,1.24556,pitchapi
E0|2026-02-28|Burnley|Brentford,E0,EPL,2025,2026-02-28,2026-02-28T15:00:00Z,Burnley,Brentford,3,4,1.10932,2.35717,1.10932,2.35717,16.1765,6.5556,4,9,0.3262,2.5303,1,1.16479,2.80898,pitchapi
E0|2026-02-28|Leeds|Man City,E0,EPL,2025,2026-02-28,2026-02-28T17:30:00Z,Leeds,Man City,0,1,1.6903,2.03792,1.6903,2.03792,15.3500,17.0000,4,6,0.6187,2.1835,1,0.63314,2.62593,pitchapi
E0|2026-02-28|Liverpool|West Ham,E0,EPL,2025,2026-02-28,2026-02-28T15:00:00Z,Liverpool,West Ham,5,2,1.83506,1.74586,1.83506,1.74586,9.4167,7.4231,14,5,1.8947,0.8714,1,2.43183,1.91224,pitchapi
E0|2026-02-28|Newcastle|Everton,E0,EPL,2025,2026-02-28,2026-02-28T15:00:00Z,Newcastle,Everton,2,3,1.04588,1.74028,1.04588,1.74028,4.8667,16.0000,13,4,0.3415,2.4895,1,0.6783,2.88495,pitchapi
E0|2026-03-01|Arsenal|Chelsea,E0,EPL,2025,2026-03-01,2026-03-01T16:30:00Z,Arsenal,Chelsea,2,1,1.08857,1.07123,1.08857,1.07123,15.1818,8.9524,10,4,1.6273,1.0801,1,2.08282,1.09251,pitchapi
E0|2026-03-01|Brighton|Nott'm Forest,E0,EPL,2025,2026-03-01,2026-03-01T14:00:00Z,Brighton,Nott'm Forest,2,1,1.26021,0.79265,1.26021,0.79265,9.4138,14.9048,10,2,1.6604,1.0361,1,1.22741,0.58127,pitchapi
E0|2026-03-01|Fulham|Tottenham,E0,EPL,2025,2026-03-01,2026-03-01T14:00:00Z,Fulham,Tottenham,2,1,2.28028,0.88,2.28028,0.88,10.4762,12.4348,12,6,2.3034999999999997,0.5136999999999999,1,0.78777,0.91053,pitchapi
E0|2026-03-01|Man United|Crystal Palace,E0,EPL,2025,2026-03-01,2026-03-01T14:00:00Z,Man United,Crystal Palace,2,1,2.16132,0.50904,1.37292,0.50904,11.1905,14.8571,8,5,2.7323,0.1676,1,2.37321,0.67933,pitchapi
E0|2026-03-03|Bournemouth|Brentford,E0,EPL,2025,2026-03-03,2026-03-03T19:30:00Z,Bournemouth,Brentford,0,0,1.92461,0.41234,1.92461,0.41234,10.4167,8.3636,12,4,2.5221,0.3264,1,0.44717,0.21858,pitchapi
E0|2026-03-03|Everton|Burnley,E0,EPL,2025,2026-03-03,2026-03-03T19:30:00Z,Everton,Burnley,2,0,1.30639,0.71276,1.30639,0.71276,12.0417,14.2381,4,2,1.6492,1.0072,1,1.22787,0.5956,pitchapi
E0|2026-03-03|Leeds|Sunderland,E0,EPL,2025,2026-03-03,2026-03-03T19:30:00Z,Leeds,Sunderland,0,1,1.1503,0.87067,1.1503,0.08227,3.9630,15.4762,7,1,1.2505,1.3852,1,0.7287,0.64679,pitchapi
E0|2026-03-03|Wolves|Liverpool,E0,EPL,2025,2026-03-03,2026-03-03T20:15:00Z,Wolves,Liverpool,2,1,0.4779,2.55958,0.4779,2.55958,22.3571,7.1429,1,10,0.3412,2.4928,1,0.77838,1.22039,pitchapi
E0|2026-03-04|Aston Villa|Chelsea,E0,EPL,2025,2026-03-04,2026-03-04T19:30:00Z,Aston Villa,Chelsea,1,4,0.80338,3.60084,0.80338,3.60084,22.8889,12.6667,6,12,0.1863,2.7303,1,0.63276,4.09646,pitchapi
E0|2026-03-04|Brighton|Arsenal,E0,EPL,2025,2026-03-04,2026-03-04T19:30:00Z,Brighton,Arsenal,0,1,0.81987,0.46853,0.81987,0.46853,7.1250,12.1429,6,3,1.6939,0.9373,1,0.55544,0.1403,pitchapi
E0|2026-03-04|Fulham|West Ham,E0,EPL,2025,2026-03-04,2026-03-04T19:30:00Z,Fulham,West Ham,0,1,0.88842,1.02684,0.88842,1.02684,10.5909,18.9412,9,3,0.6202,2.1376,1,0.55621,1.12801,pitchapi
E0|2026-03-04|Man City|Nott'm Forest,E0,EPL,2025,2026-03-04,2026-03-04T19:30:00Z,Man City,Nott'm Forest,2,2,2.18141,0.97157,2.18141,0.97157,10.6316,27.5833,14,3,2.3648,0.47,1,1.522,1.17156,pitchapi
E0|2026-03-04|Newcastle|Man United,E0,EPL,2025,2026-03-04,2026-03-04T20:15:00Z,Newcastle,Man United,2,1,2.48216,1.48882,1.69376,1.48882,8.6296,6.8214,8,11,1.5363,1.2093,1,2.53313,0.7237,pitchapi
E0|2026-03-05|Tottenham|Crystal Palace,E0,EPL,2025,2026-03-05,2026-03-05T20:00:00Z,Tottenham,Crystal Palace,1,3,1.08786,1.74098,1.08786,0.95258,13.8571,10.5294,3,9,0.8736999999999999,1.8688,1,1.09321,1.53834,pitchapi
E0|2026-03-14|Arsenal|Everton,E0,EPL,2025,2026-03-14,2026-03-14T17:30:00Z,Arsenal,Everton,2,0,2.69828,1.19628,2.69828,1.19628,7.7826,15.6667,10,1,1.9309,0.8188,1,2.23776,0.34349,pitchapi
E0|2026-03-14|Burnley|Bournemouth,E0,EPL,2025,2026-03-14,2026-03-14T15:00:00Z,Burnley,Bournemouth,0,0,1.26262,2.55287,1.26262,2.55287,12.6500,9.5385,5,9,0.9222,1.8564000000000003,1,0.13896,0.16916,pitchapi
E0|2026-03-14|Chelsea|Newcastle,E0,EPL,2025,2026-03-14,2026-03-14T17:30:00Z,Chelsea,Newcastle,0,1,1.3865,1.3818,1.3865,1.3818,10.6471,17.3158,12,7,1.869,0.8613,1,0.4396,1.49481,pitchapi
E0|2026-03-14|Sunderland|Brighton,E0,EPL,2025,2026-03-14,2026-03-14T15:00:00Z,Sunderland,Brighton,0,1,0.89507,1.67757,0.89507,1.67757,20.0769,8.6800,9,12,0.9139999999999999,1.7702000000000002,1,0.71972,1.33381,pitchapi
E0|2026-03-14|West Ham|Man City,E0,EPL,2025,2026-03-14,2026-03-14T20:00:00Z,West Ham,Man City,1,1,0.26809,2.02963,0.26809,2.02963,17.2273,9.2500,2,8,0.3267,2.4822,1,0.96139,1.85853,pitchapi
E0|2026-03-15|Crystal Palace|Leeds,E0,EPL,2025,2026-03-15,2026-03-15T14:00:00Z,Crystal Palace,Leeds,0,0,0.67367,1.14484,0.67367,0.35644,8.1667,17.6154,2,4,0.6851,2.0132,1,0.0,0.33224,pitchapi
E0|2026-03-15|Liverpool|Tottenham,E0,EPL,2025,2026-03-15,2026-03-15T16:30:00Z,Liverpool,Tottenham,1,1,1.69674,1.1814,1.69674,1.1814,5.5385,13.1500,17,3,1.4429,1.271,1,1.18257,1.12062,pitchapi
E0|2026-03-15|Man United|Aston Villa,E0,EPL,2025,2026-03-15,2026-03-15T14:00:00Z,Man United,Aston Villa,3,1,1.10394,1.00943,1.10394,1.00943,9.7273,17.3333,5,10,1.7202,1.0158,1,2.20936,0.99411,pitchapi
E0|2026-03-15|Nott'm Forest|Fulham,E0,EPL,2025,2026-03-15,2026-03-15T14:00:00Z,Nott'm Forest,Fulham,0,0,0.94701,1.03383,0.94701,1.03383,21.5385,12.2500,3,3,1.1281999999999999,1.5091999999999999,1,0.44127,0.28798,pitchapi
E0|2026-03-16|Brentford|Wolves,E0,EPL,2025,2026-03-16,2026-03-16T20:00:00Z,Brentford,Wolves,2,2,2.71458,1.33502,2.71458,1.33502,8.9286,13.6471,7,9,2.0722,0.721,1,1.8708,1.23684,pitchapi
E0|2026-03-20|Bournemouth|Man United,E0,EPL,2025,2026-03-20,2026-03-20T20:00:00Z,Bournemouth,Man United,2,2,1.80432,1.6785,1.01592,0.8901,10.9000,12.0952,6,8,1.3639000000000001,1.3522,1,1.46054,1.67082,pitchapi
E0|2026-03-21|Brighton|Liverpool,E0,EPL,2025,2026-03-21,2026-03-21T12:45:00Z,Brighton,Liverpool,2,1,2.17729,0.87903,2.17729,0.87903,11.5000,11.1250,7,7,2.7837,0.14730000000000001,1,2.45379,0.87617,pitchapi
E0|2026-03-21|Everton|Chelsea,E0,EPL,2025,2026-03-21,2026-03-21T17:30:00Z,Everton,Chelsea,3,0,0.92523,0.93062,0.92523,0.93062,29.3077,11.8333,7,9,1.4251,1.2955,1,1.79845,1.06714,pitchapi
E0|2026-03-21|Fulham|Burnley,E0,EPL,2025,2026-03-21,2026-03-21T15:00:00Z,Fulham,Burnley,3,1,3.21695,1.24429,2.42855,1.24429,16.1333,20.9231,16,4,2.3195,0.5219,1,3.15815,1.23687,pitchapi
E0|2026-03-21|Leeds|Brentford,E0,EPL,2025,2026-03-21,2026-03-21T20:00:00Z,Leeds,Brentford,0,0,0.52433,0.48599,0.52433,0.48599,8.8182,12.1667,9,2,1.3780000000000001,1.0807,1,0.72391,0.16715,pitchapi
E0|2026-03-22|Aston Villa|West Ham,E0,EPL,2025,2026-03-22,2026-03-22T14:15:00Z,Aston Villa,West Ham,2,0,1.73506,0.85013,1.73506,0.85013,14.6667,15.5294,15,5,2.5688,0.2996,1,1.42208,0.15603,pitchapi
E0|2026-03-22|Newcastle|Sunderland,E0,EPL,2025,2026-03-22,2026-03-22T12:00:00Z,Newcastle,Sunderland,1,2,1.28923,2.98435,1.28923,2.98435,6.2353,11.0455,3,10,0.5123,2.324,1,0.54369,2.68477,pitchapi
E0|2026-03-22|Tottenham|Nott'm Forest,E0,EPL,2025,2026-03-22,2026-03-22T14:15:00Z,Tottenham,Nott'm Forest,0,3,1.26552,1.33854,1.26552,1.33854,6.0714,9.8400,4,3,1.3952000000000002,1.325,1,1.22494,2.17219,pitchapi
E0|2026-04-10|West Ham|Wolves,E0,EPL,2025,2026-04-10,2026-04-10T19:00:00Z,West Ham,Wolves,4,0,2.35069,0.58557,2.35069,0.58557,13.5500,9.3333,7,4,2.644,0.2434,1,3.44911,0.45025,pitchapi
E0|2026-04-11|Arsenal|Bournemouth,E0,EPL,2025,2026-04-11,2026-04-11T11:30:00Z,Arsenal,Bournemouth,1,2,2.32421,1.3395,1.53581,1.3395,9.3043,8.0000,5,5,2.5960000000000005,0.2743,1,1.08046,1.45383,pitchapi
E0|2026-04-11|Brentford|Everton,E0,EPL,2025,2026-04-11,2026-04-11T14:00:00Z,Brentford,Everton,2,2,2.8901,1.55021,2.1017,1.55021,10.9444,10.7826,5,8,1.8637,0.8997999999999999,1,1.63143,2.18587,pitchapi
E0|2026-04-11|Burnley|Brighton,E0,EPL,2025,2026-04-11,2026-04-11T14:00:00Z,Burnley,Brighton,0,2,1.02052,1.93342,1.02052,1.93342,18.3125,7.8000,3,11,1.137,1.5306,1,1.13913,2.50245,pitchapi
E0|2026-04-11|Liverpool|Fulham,E0,EPL,2025,2026-04-11,2026-04-11T16:30:00Z,Liverpool,Fulham,2,0,1.65452,1.03758,1.65452,1.03758,10.0435,13.6500,21,12,1.7901,0.9683999999999999,1,1.6171,0.27535,pitchapi
E0|2026-04-12|Chelsea|Man City,E0,EPL,2025,2026-04-12,2026-04-12T15:30:00Z,Chelsea,Man City,0,3,1.25396,2.2904,1.25396,2.2904,25.8462,8.5926,2,15,0.6302,2.1764,1,0.92019,3.49949,pitchapi
E0|2026-04-12|Crystal Palace|Newcastle,E0,EPL,2025,2026-04-12,2026-04-12T13:00:00Z,Crystal Palace,Newcastle,2,1,2.59218,1.12321,1.80378,1.12321,10.1724,10.8333,4,3,2.5955000000000004,0.2813,1,3.22083,1.11273,pitchapi
E0|2026-04-12|Nott'm Forest|Aston Villa,E0,EPL,2025,2026-04-12,2026-04-12T13:00:00Z,Nott'm Forest,Aston Villa,1,1,1.20213,1.02492,1.20213,1.02492,10.8148,10.3750,6,6,0.9284,1.7912000000000001,1,0.56094,0.78136,pitchapi
E0|2026-04-12|Sunderland|Tottenham,E0,EPL,2025,2026-04-12,2026-04-12T13:00:00Z,Sunderland,Tottenham,1,0,1.34263,0.836,1.34263,0.836,7.1333,10.9474,7,3,1.9645,0.7801,1,0.61004,1.82004,pitchapi
E0|2026-04-13|Man United|Leeds,E0,EPL,2025,2026-04-13,2026-04-13T19:00:00Z,Man United,Leeds,1,2,1.26885,2.57147,1.26885,2.57147,10.3913,12.7143,11,8,0.4425,2.4141000000000004,1,1.79997,1.43786,pitchapi
E0|2026-04-18|Brentford|Fulham,E0,EPL,2025,2026-04-18,2026-04-18T11:30:00Z,Brentford,Fulham,0,0,1.42892,0.77449,1.42892,0.77449,13.3500,13.2778,4,12,2.4486999999999997,0.39189999999999997,1,0.27148,0.0,pitchapi
E0|2026-04-18|Chelsea|Man United,E0,EPL,2025,2026-04-18,2026-04-18T19:00:00Z,Chelsea,Man United,0,1,1.56826,0.26569,1.56826,0.26569,11.3478,28.3846,8,1,2.0428,0.6592,1,0.704,0.78631,pitchapi
E0|2026-04-18|Leeds|Wolves,E0,EPL,2025,2026-04-18,2026-04-18T14:00:00Z,Leeds,Wolves,3,0,2.82035,0.60456,2.03195,0.60456,10.3684,11.6400,7,4,2.9123,0.0557,1,2.50738,0.20635,pitchapi
E0|2026-04-18|Newcastle|Bournemouth,E0,EPL,2025,2026-04-18,2026-04-18T14:00:00Z,Newcastle,Bournemouth,1,2,1.59121,3.12546,1.59121,3.12546,8.0000,10.5238,8,7,0.2867,2.5901,1,1.12403,1.97921,pitchapi
E0|2026-04-18|Tottenham|Brighton,E0,EPL,2025,2026-04-18,2026-04-18T16:30:00Z,Tottenham,Brighton,2,2,1.12655,0.81701,1.12655,0.81701,12.4444,5.6364,9,7,1.7111999999999998,1.0158,1,1.60273,1.05881,pitchapi
E0|2026-04-19|Aston Villa|Sunderland,E0,EPL,2025,2026-04-19,2026-04-19T13:00:00Z,Aston Villa,Sunderland,4,3,2.84119,1.72811,2.84119,1.72811,13.4706,12.0526,7,3,2.6763,0.2352,1,3.55935,2.93156,pitchapi
E0|2026-04-19|Everton|Liverpool,E0,EPL,2025,2026-04-19,2026-04-19T13:00:00Z,Everton,Liverpool,1,2,1.00483,1.45085,1.00483,1.45085,14.9000,8.9091,5,8,1.4591,1.2572,1,1.55506,1.45749,pitchapi
E0|2026-04-19|Man City|Arsenal,E0,EPL,2025,2026-04-19,2026-04-19T15:30:00Z,Man City,Arsenal,2,1,1.37572,1.5699,1.37572,1.5699,13.4615,9.1538,15,3,1.5943,1.1578,1,1.36477,1.09916,pitchapi
E0|2026-04-19|Nott'm Forest|Burnley,E0,EPL,2025,2026-04-19,2026-04-19T13:00:00Z,Nott'm Forest,Burnley,4,1,1.19094,0.33095,1.19094,0.33095,14.4500,10.2143,6,3,2.0771,0.6392,1,1.65041,1.43265,pitchapi
E0|2026-04-20|Crystal Palace|West Ham,E0,EPL,2025,2026-04-20,2026-04-20T19:00:00Z,Crystal Palace,West Ham,0,0,0.72748,0.6136,0.72748,0.6136,10.2778,10.3200,5,5,1.4175,1.1961,1,0.04907,0.19791,pitchapi
E0|2026-04-21|Brighton|Chelsea,E0,EPL,2025,2026-04-21,2026-04-21T19:00:00Z,Brighton,Chelsea,3,0,2.13743,0.36963,2.13743,0.36963,10.2308,22.2143,9,3,2.7887000000000004,0.1325,1,3.21638,0.0,pitchapi
E0|2026-04-22|Bournemouth|Leeds,E0,EPL,2025,2026-04-22,2026-04-22T19:00:00Z,Bournemouth,Leeds,2,2,1.65047,0.77985,1.65047,0.77985,8.8421,10.4000,13,6,1.8973000000000002,0.8593,1,2.02444,0.83285,pitchapi
E0|2026-04-22|Burnley|Man City,E0,EPL,2025,2026-04-22,2026-04-22T19:00:00Z,Burnley,Man City,0,1,0.62583,3.38941,0.62583,3.38941,16.0500,10.4545,5,19,0.2239,2.6851000000000003,1,0.5111,3.16079,pitchapi
E0|2026-04-24|Sunderland|Nott'm Forest,E0,EPL,2025,2026-04-24,2026-04-24T19:00:00Z,Sunderland,Nott'm Forest,0,5,0.70042,1.0964,0.70042,1.0964,5.4091,10.6500,13,3,0.5967,2.1618,1,0.27535,1.33212,pitchapi
E0|2026-04-25|Arsenal|Newcastle,E0,EPL,2025,2026-04-25,2026-04-25T16:30:00Z,Arsenal,Newcastle,1,0,0.4907,0.99992,0.4907,0.99992,14.8889,8.8182,10,7,1.0522,1.5840999999999998,1,0.87191,0.10226,pitchapi
E0|2026-04-25|Fulham|Aston Villa,E0,EPL,2025,2026-04-25,2026-04-25T11:30:00Z,Fulham,Aston Villa,1,0,1.23373,0.93202,1.23373,0.93202,9.2778,8.8947,5,4,1.6360000000000001,1.0486,1,2.01493,0.06663,pitchapi
E0|2026-04-25|Liverpool|Crystal Palace,E0,EPL,2025,2026-04-25,2026-04-25T14:00:00Z,Liverpool,Crystal Palace,3,1,1.14499,2.28696,1.14499,2.28696,15.2353,15.4444,6,6,0.8742000000000001,1.8945,1,1.92565,1.4792,pitchapi
E0|2026-04-25|West Ham|Everton,E0,EPL,2025,2026-04-25,2026-04-25T14:00:00Z,West Ham,Everton,2,1,1.17928,1.5561,1.17928,1.5561,9.6538,11.9412,7,9,1.9405,0.8041,1,1.87536,0.47029,pitchapi
E0|2026-04-25|Wolves|Tottenham,E0,EPL,2025,2026-04-25,2026-04-25T14:00:00Z,Wolves,Tottenham,0,1,0.70494,0.92064,0.70494,0.92064,13.5000,4.8571,0,4,0.9893000000000001,1.6622000000000001,1,0.60035,1.09632,pitchapi
E0|2026-04-27|Man United|Brentford,E0,EPL,2025,2026-04-27,2026-04-27T19:00:00Z,Man United,Brentford,2,1,1.36135,1.20773,1.36135,1.20773,13.0000,9.9583,8,10,1.8439999999999999,0.8975,1,1.78512,0.91354,pitchapi
E0|2026-05-01|Leeds|Burnley,E0,EPL,2025,2026-05-01,2026-05-01T19:00:00Z,Leeds,Burnley,3,1,1.65274,0.56878,1.65274,0.56878,11.1724,12.9500,4,3,2.6082,0.255,1,2.29611,0.36508,pitchapi
E0|2026-05-02|Arsenal|Fulham,E0,EPL,2025,2026-05-02,2026-05-02T16:30:00Z,Arsenal,Fulham,3,0,3.26309,0.36998,3.26309,0.36998,14.5000,13.6818,14,3,2.915,0.0539,1,3.65891,0.05378,pitchapi
E0|2026-05-02|Brentford|West Ham,E0,EPL,2025,2026-05-02,2026-05-02T14:00:00Z,Brentford,West Ham,3,0,2.27432,0.92243,1.48592,0.92243,9.3333,7.8182,7,2,2.4871999999999996,0.3611,1,1.41629,0.54004,pitchapi
E0|2026-05-02|Newcastle|Brighton,E0,EPL,2025,2026-05-02,2026-05-02T14:00:00Z,Newcastle,Brighton,3,1,3.15781,1.52996,3.15781,1.52996,21.3636,7.4118,3,9,2.1879,0.6411,1,4.21164,0.89546,pitchapi
E0|2026-05-02|Wolves|Sunderland,E0,EPL,2025,2026-05-02,2026-05-02T14:00:00Z,Wolves,Sunderland,1,1,1.72223,0.65845,1.72223,0.65845,8.1176,13.1053,10,6,2.1408,0.6384,1,1.55442,1.39129,pitchapi
E0|2026-05-03|Aston Villa|Tottenham,E0,EPL,2025,2026-05-03,2026-05-03T18:00:00Z,Aston Villa,Tottenham,1,2,0.32082,0.98906,0.32082,0.98906,9.5000,11.6000,0,3,0.8391000000000001,1.8213,1,0.24004,1.87353,pitchapi
E0|2026-05-03|Bournemouth|Crystal Palace,E0,EPL,2025,2026-05-03,2026-05-03T13:00:00Z,Bournemouth,Crystal Palace,3,0,2.07701,0.93797,1.28861,0.93797,10.3182,9.9048,6,10,2.5408999999999997,0.3143,1,1.93432,0.17168,pitchapi
E0|2026-05-03|Man United|Liverpool,E0,EPL,2025,2026-05-03,2026-05-03T14:30:00Z,Man United,Liverpool,3,2,2.34109,0.88505,2.34109,0.88505,12.3913,9.7000,7,5,2.4019,0.4435,1,2.17061,1.18945,pitchapi
E0|2026-05-04|Chelsea|Nott'm Forest,E0,EPL,2025,2026-05-04,2026-05-04T14:00:00Z,Chelsea,Nott'm Forest,1,3,2.15083,2.05334,1.36243,1.26494,8.0417,23.1250,12,4,1.2142000000000002,1.504,1,1.62389,2.64475,pitchapi
E0|2026-05-04|Everton|Man City,E0,EPL,2025,2026-05-04,2026-05-04T19:00:00Z,Everton,Man City,3,3,2.71732,1.5373,2.71732,1.5373,16.4706,6.4667,1,14,1.5911,1.145,1,3.72005,2.21173,pitchapi
E0|2026-05-09|Brighton|Wolves,E0,EPL,2025,2026-05-09,2026-05-09T14:00:00Z,Brighton,Wolves,3,0,1.62156,0.49425,1.62156,0.49425,4.2759,25.5714,9,2,2.5841,0.275,1,3.24941,0.08995,pitchapi
E0|2026-05-09|Fulham|Bournemouth,E0,EPL,2025,2026-05-09,2026-05-09T14:00:00Z,Fulham,Bournemouth,0,1,1.3298,0.81613,1.3298,0.81613,11.8333,13.5217,8,4,1.549,1.1361999999999999,1,0.16024,0.71813,pitchapi
E0|2026-05-09|Liverpool|Chelsea,E0,EPL,2025,2026-05-09,2026-05-09T11:30:00Z,Liverpool,Chelsea,1,1,0.55916,0.49557,0.55916,0.49557,12.2800,9.1212,7,7,1.3029,1.2752999999999999,1,0.51362,0.41051,pitchapi
E0|2026-05-09|Man City|Brentford,E0,EPL,2025,2026-05-09,2026-05-09T16:30:00Z,Man City,Brentford,3,0,3.36046,0.24311,3.36046,0.24311,7.2800,7.6667,13,3,2.9734,0.014499999999999999,1,4.50272,0.3224,pitchapi
E0|2026-05-09|Sunderland|Man United,E0,EPL,2025,2026-05-09,2026-05-09T14:00:00Z,Sunderland,Man United,0,0,1.30991,0.62169,1.30991,0.62169,13.5556,12.7619,13,7,1.9752999999999998,0.7339,1,1.81761,0.08545,pitchapi
E0|2026-05-10|Burnley|Aston Villa,E0,EPL,2025,2026-05-10,2026-05-10T13:00:00Z,Burnley,Aston Villa,2,2,1.81015,1.437,1.81015,1.437,11.2500,7.8750,7,7,1.3481,1.3934,1,1.78477,1.21093,pitchapi
E0|2026-05-10|Crystal Palace|Everton,E0,EPL,2025,2026-05-10,2026-05-10T13:00:00Z,Crystal Palace,Everton,2,2,2.56179,1.58819,2.56179,1.58819,6.3810,16.2143,9,9,2.0941,0.7327,1,3.41389,2.026,pitchapi
E0|2026-05-10|Nott'm Forest|Newcastle,E0,EPL,2025,2026-05-10,2026-05-10T13:00:00Z,Nott'm Forest,Newcastle,1,1,1.10283,1.47579,1.10283,1.47579,17.0000,8.1429,9,11,1.201,1.5316,1,0.94443,1.24638,pitchapi
E0|2026-05-10|West Ham|Arsenal,E0,EPL,2025,2026-05-10,2026-05-10T15:30:00Z,West Ham,Arsenal,0,1,1.15135,1.22042,1.15135,1.22042,15.4375,6.0000,7,9,1.2779,1.4258,1,0.79399,0.73512,pitchapi
E0|2026-05-11|Tottenham|Leeds,E0,EPL,2025,2026-05-11,2026-05-11T19:00:00Z,Tottenham,Leeds,1,1,1.27275,1.34492,1.27275,0.55652,6.1923,9.8261,4,4,1.0561,1.6843000000000001,1,0.96669,2.59063,pitchapi
E0|2026-05-13|Man City|Crystal Palace,E0,EPL,2025,2026-05-13,2026-05-13T19:00:00Z,Man City,Crystal Palace,3,0,1.6637,0.72848,1.6637,0.72848,7.8333,28.0833,17,2,2.5366,0.3052,1,1.9875,0.28919,pitchapi
E0|2026-05-15|Aston Villa|Liverpool,E0,EPL,2025,2026-05-15,2026-05-15T19:00:00Z,Aston Villa,Liverpool,4,2,2.26442,1.44278,2.26442,1.44278,13.1053,14.2857,5,7,2.0842,0.7071999999999999,1,3.11093,1.61533,pitchapi
E0|2026-05-17|Brentford|Crystal Palace,E0,EPL,2025,2026-05-17,2026-05-17T14:00:00Z,Brentford,Crystal Palace,2,2,1.71434,1.74087,1.71434,0.95247,14.7778,31.5556,9,14,1.1392,1.5973000000000002,1,2.1682,0.9641,pitchapi
E0|2026-05-17|Everton|Sunderland,E0,EPL,2025,2026-05-17,2026-05-17T14:00:00Z,Everton,Sunderland,1,3,1.04267,0.76312,1.04267,0.76312,14.5000,12.7500,3,2,1.3961999999999999,1.2879,1,0.99367,1.27716,pitchapi
E0|2026-05-17|Leeds|Brighton,E0,EPL,2025,2026-05-17,2026-05-17T14:00:00Z,Leeds,Brighton,1,0,0.36503,3.06462,0.36503,3.06462,21.0000,7.8667,2,16,0.4024,2.4103,1,0.82874,0.63137,pitchapi
E0|2026-05-17|Man United|Nott'm Forest,E0,EPL,2025,2026-05-17,2026-05-17T11:30:00Z,Man United,Nott'm Forest,3,2,4.5674,1.881,4.5674,1.881,10.0400,13.8333,14,11,2.6182999999999996,0.2795,1,3.18523,1.91103,pitchapi
E0|2026-05-17|Newcastle|West Ham,E0,EPL,2025,2026-05-17,2026-05-17T16:30:00Z,Newcastle,West Ham,3,1,1.73255,0.95433,1.73255,0.95433,11.4118,10.2308,19,10,2.2356,0.5649,1,2.33039,0.7856,pitchapi
E0|2026-05-17|Wolves|Fulham,E0,EPL,2025,2026-05-17,2026-05-17T14:00:00Z,Wolves,Fulham,1,1,1.3956,1.59474,1.3956,0.80634,12.4444,6.7368,4,14,1.3525,1.3603,1,0.50866,1.36967,pitchapi
E0|2026-05-18|Arsenal|Burnley,E0,EPL,2025,2026-05-18,2026-05-18T19:00:00Z,Arsenal,Burnley,1,0,1.29086,0.19328,1.29086,0.19328,12.4375,13.7647,20,2,2.3346,0.4053,1,2.0266,0.0,pitchapi
E0|2026-05-19|Bournemouth|Man City,E0,EPL,2025,2026-05-19,2026-05-19T18:30:00Z,Bournemouth,Man City,1,1,2.24861,1.5035,2.24861,1.5035,10.6552,21.9091,9,12,1.7151,1.0296,1,1.21787,0.9902,pitchapi
E0|2026-05-19|Chelsea|Tottenham,E0,EPL,2025,2026-05-19,2026-05-19T19:15:00Z,Chelsea,Tottenham,2,1,0.62706,1.27192,0.62706,1.27192,11.7241,9.1250,3,7,0.5689,2.2183,1,1.31545,1.13345,pitchapi
E0|2026-05-24|Brighton|Man United,E0,EPL,2025,2026-05-24,2026-05-24T15:00:00Z,Brighton,Man United,0,3,0.78663,1.65666,0.78663,1.65666,7.6129,15.7059,10,9,0.28390000000000004,2.5873,1,0.3018,2.17794,pitchapi
E0|2026-05-24|Burnley|Wolves,E0,EPL,2025,2026-05-24,2026-05-24T15:00:00Z,Burnley,Wolves,1,1,0.97881,2.08996,0.97881,1.30156,9.3571,13.6667,13,5,0.41890000000000005,2.4256,1,1.22184,2.3642,pitchapi
E0|2026-05-24|Crystal Palace|Arsenal,E0,EPL,2025,2026-05-24,2026-05-24T15:00:00Z,Crystal Palace,Arsenal,1,2,0.9808,2.53884,0.9808,2.53884,17.7500,9.8889,3,8,0.11460000000000001,2.8347,1,0.94504,1.71065,pitchapi
E0|2026-05-24|Fulham|Newcastle,E0,EPL,2025,2026-05-24,2026-05-24T15:00:00Z,Fulham,Newcastle,2,0,1.84262,0.30849,1.84262,0.30849,11.4444,12.7647,10,6,2.5355,0.2861,1,1.8292,0.16424,pitchapi
E0|2026-05-24|Liverpool|Brentford,E0,EPL,2025,2026-05-24,2026-05-24T15:00:00Z,Liverpool,Brentford,1,1,3.04463,1.56418,3.04463,1.56418,11.7059,12.2222,11,5,2.3327,0.5012,1,2.6815,0.84431,pitchapi
E0|2026-05-24|Man City|Aston Villa,E0,EPL,2025,2026-05-24,2026-05-24T15:00:00Z,Man City,Aston Villa,1,2,1.34322,1.76802,1.34322,1.76802,16.2000,20.7000,14,4,0.6744,2.1366,1,1.51302,2.64508,pitchapi
E0|2026-05-24|Nott'm Forest|Bournemouth,E0,EPL,2025,2026-05-24,2026-05-24T15:00:00Z,Nott'm Forest,Bournemouth,1,1,1.74396,0.95224,1.74396,0.95224,17.9167,8.0000,3,8,1.9114,0.8557,1,0.52357,0.4689,pitchapi
E0|2026-05-24|Sunderland|Chelsea,E0,EPL,2025,2026-05-24,2026-05-24T15:00:00Z,Sunderland,Chelsea,2,1,1.83738,0.88801,1.83738,0.88801,7.9375,17.2727,12,7,2.3832,0.44129999999999997,1,1.27301,0.40623,pitchapi
E0|2026-05-24|Tottenham|Everton,E0,EPL,2025,2026-05-24,2026-05-24T15:00:00Z,Tottenham,Everton,1,0,1.20338,0.4145,1.20338,0.4145,7.5000,7.7931,2,3,2.4774,0.3246,1,0.77124,0.04614,pitchapi
E0|2026-05-24|West Ham|Leeds,E0,EPL,2025,2026-05-24,2026-05-24T15:00:00Z,West Ham,Leeds,3,0,2.71743,1.59294,2.71743,1.59294,16.4706,5.1333,6,6,1.8960000000000001,0.8823000000000001,1,3.26612,0.46304,pitchapi
