match_key,div,league_zh,date_uk,time_uk,kickoff_utc,home,away,referee,odds_h,odds_d,odds_a,odds_o25,odds_u25,ah_line,ah_h,ah_a
SP2|02/10/2026|Eldense|Oviedo,SP2,西乙,02/10/2026,19:30,2026-10-02T18:30+00:00,Eldense,Oviedo,,2.43,2.94,2.96,2.48,1.49,0,1.7,2.06
E3|03/10/2026|Chesterfield|Tranmere,E3,英乙,03/10/2026,12:30,2026-10-03T11:30+00:00,Chesterfield,Tranmere,T Parsons,1.68,3.97,4.49,1.65,2.14,-0.75,1.84,1.9
SP2|03/10/2026|Albacete|Eibar,SP2,西乙,03/10/2026,13:00,2026-10-03T12:00+00:00,Albacete,Eibar,,2.65,3.28,2.44,1.87,1.83,0,1.93,1.8
E2|03/10/2026|Burton|Huddersfield,E2,英甲,03/10/2026,15:00,2026-10-03T14:00+00:00,Burton,Huddersfield,N Hair,3.79,3.64,1.85,1.78,1.95,0.5,1.89,1.83
E2|03/10/2026|Leyton Orient|Plymouth,E2,英甲,03/10/2026,15:00,2026-10-03T14:00+00:00,Leyton Orient,Plymouth,S Oldham,3.41,3.68,1.97,1.64,2.16,0.5,1.78,1.93
E2|03/10/2026|Reading|Bradford,E2,英甲,03/10/2026,15:00,2026-10-03T14:00+00:00,Reading,Bradford,P Howard,2.25,3.37,3.05,1.93,1.8,-0.25,1.92,1.81
E3|03/10/2026|Accrington|Cheltenham,E3,英乙,03/10/2026,15:00,2026-10-03T14:00+00:00,Accrington,Cheltenham,J O'Connor,2.26,3.46,2.88,1.73,2,-0.25,1.95,1.78
E3|03/10/2026|Crewe|Bristol Rvs,E3,英乙,03/10/2026,15:00,2026-10-03T14:00+00:00,Crewe,Bristol Rvs,M Russell,2.95,3.44,2.26,1.78,1.96,0.25,1.81,1.93
E3|03/10/2026|Exeter|Rotherham,E3,英乙,03/10/2026,15:00,2026-10-03T14:00+00:00,Exeter,Rotherham,L Sandoe,2.53,3.35,2.64,1.88,1.84,0,1.84,1.9
E3|03/10/2026|Gillingham|Newport County,E3,英乙,03/10/2026,15:00,2026-10-03T14:00+00:00,Gillingham,Newport County,C Brook,2.02,3.46,3.44,1.93,1.8,-0.5,1.98,1.75
E3|03/10/2026|Grimsby|Shrewsbury,E3,英乙,03/10/2026,15:00,2026-10-03T14:00+00:00,Grimsby,Shrewsbury,M Corlett,1.68,3.85,4.56,1.74,2,-0.75,1.86,1.87
E3|03/10/2026|Rochdale|Swindon,E3,英乙,03/10/2026,15:00,2026-10-03T14:00+00:00,Rochdale,Swindon,A Dale,2.24,3.48,2.94,1.76,1.98,-0.25,1.94,1.8
E3|03/10/2026|Salford|Fleetwood Town,E3,英乙,03/10/2026,15:00,2026-10-03T14:00+00:00,Salford,Fleetwood Town,R Martin,1.67,3.87,4.6,1.7,2.05,-0.75,1.83,1.91
EC|03/10/2026|Aldershot|Carlisle,EC,英足協全國聯賽,03/10/2026,15:00,2026-10-03T14:00+00:00,Aldershot,Carlisle,G Laflin,3.12,3.67,1.96,1.49,2.44,0.5,1.76,1.94
EC|03/10/2026|Barrow|Wealdstone,EC,英足協全國聯賽,03/10/2026,15:00,2026-10-03T14:00+00:00,Barrow,Wealdstone,M Mcquillan,1.77,3.68,3.73,1.63,2.15,-0.75,1.99,1.74
EC|03/10/2026|Boreham Wood|Altrincham,EC,英足協全國聯賽,03/10/2026,15:00,2026-10-03T14:00+00:00,Boreham Wood,Altrincham,K Dowle,1.4,4.7,5.73,1.36,2.86,-1.25,1.81,1.89
EC|03/10/2026|Eastleigh|Woking,EC,英足協全國聯賽,03/10/2026,15:00,2026-10-03T14:00+00:00,Eastleigh,Woking,T Sangowawa,2.74,3.48,2.22,1.65,2.11,0.25,1.76,1.95
EC|03/10/2026|Gateshead|Worthing,EC,英足協全國聯賽,03/10/2026,15:00,2026-10-03T14:00+00:00,Gateshead,Worthing,D Watson,5.13,4.27,1.48,1.49,2.45,1.25,1.72,2.02
EC|03/10/2026|Harrogate|Hornchurch,EC,英足協全國聯賽,03/10/2026,15:00,2026-10-03T14:00+00:00,Harrogate,Hornchurch,S Jackson,1.58,3.93,4.69,1.63,2.15,-0.75,1.74,1.99
EC|03/10/2026|Hartlepool|Tamworth,EC,英足協全國聯賽,03/10/2026,15:00,2026-10-03T14:00+00:00,Hartlepool,Tamworth,A Jackson,2.21,3.53,2.73,1.56,2.27,-0.25,1.93,1.78
EC|03/10/2026|Kidderminster|Sutton,EC,英足協全國聯賽,03/10/2026,15:00,2026-10-03T14:00+00:00,Kidderminster,Sutton,R Eley,2.37,3.21,2.73,2.02,1.71,0,1.74,1.98
EC|03/10/2026|Solihull|Halifax,EC,英足協全國聯賽,03/10/2026,15:00,2026-10-03T14:00+00:00,Solihull,Halifax,C Jones,2.15,3.55,2.82,1.57,2.27,-0.25,1.87,1.84
EC|03/10/2026|Southend|Fylde,EC,英足協全國聯賽,03/10/2026,15:00,2026-10-03T14:00+00:00,Southend,Fylde,C Hicks,1.7,3.96,3.82,1.42,2.63,-0.75,1.85,1.85
EC|03/10/2026|Yeovil|Boston Utd,EC,英足協全國聯賽,03/10/2026,15:00,2026-10-03T14:00+00:00,Yeovil,Boston Utd,R Massey-Ellis,1.93,3.6,3.28,1.65,2.11,-0.5,1.9,1.79
SC1|03/10/2026|Livingston|Ayr,SC1,蘇冠,03/10/2026,15:00,2026-10-03T14:00+00:00,Livingston,Ayr,L Hogarth,1.54,3.93,5.1,1.7,2.03,-1,1.92,1.8
SC1|03/10/2026|Morton|Raith Rvs,SC1,蘇冠,03/10/2026,15:00,2026-10-03T14:00+00:00,Morton,Raith Rvs,S Murdoch,5.24,3.71,1.56,1.95,1.76,0.75,2.01,1.72
SC1|03/10/2026|Partick|Arbroath,SC1,蘇冠,03/10/2026,15:00,2026-10-03T14:00+00:00,Partick,Arbroath,J Wilkie,1.39,4.19,7.01,1.83,1.88,-1.25,1.92,1.8
SC2|03/10/2026|Airdrie Utd|Montrose,SC2,蘇甲,03/10/2026,15:00,2026-10-03T14:00+00:00,Airdrie Utd,Montrose,C Scott,1.8,3.55,3.69,1.69,2.04,-0.5,1.8,1.9
SC2|03/10/2026|East Fife|East Kilbride,SC2,蘇甲,03/10/2026,15:00,2026-10-03T14:00+00:00,East Fife,East Kilbride,J Hay,3.07,3.46,2.03,1.66,2.09,0.25,1.93,1.78
SC2|03/10/2026|Queen of Sth|Cove Rangers,SC2,蘇甲,03/10/2026,15:00,2026-10-03T14:00+00:00,Queen of Sth,Cove Rangers,L Wilson,2.41,3.41,2.48,1.74,1.97,0,1.82,1.89
SC2|03/10/2026|Ross County|Alloa,SC2,蘇甲,03/10/2026,15:00,2026-10-03T14:00+00:00,Ross County,Alloa,I Snedden,1.26,5.32,8.19,1.49,2.46,-1.5,1.78,1.92
SC3|03/10/2026|Annan Athletic|Stirling,SC3,蘇乙,03/10/2026,15:00,2026-10-03T14:00+00:00,Annan Athletic,Stirling,M Daly,1.66,3.84,4.09,1.56,2.28,-0.75,1.83,1.88
SC3|03/10/2026|Dumbarton|Forfar,SC3,蘇乙,03/10/2026,15:00,2026-10-03T14:00+00:00,Dumbarton,Forfar,E Birch,2.28,3.39,2.67,1.69,2.05,-0.25,1.97,1.75
SC3|03/10/2026|Elgin|Clyde,SC3,蘇乙,03/10/2026,15:00,2026-10-03T14:00+00:00,Elgin,Clyde,G Grainger,2.1,3.57,2.85,1.54,2.3,-0.25,1.83,1.87
SC3|03/10/2026|Spartans|Kelty Hearts,SC3,蘇乙,03/10/2026,15:00,2026-10-03T14:00+00:00,Spartans,Kelty Hearts,J Kennedy,1.66,3.88,4,1.5,2.41,-0.75,1.83,1.88
SC3|03/10/2026|Stranraer|Edinburgh City,SC3,蘇乙,03/10/2026,15:00,2026-10-03T14:00+00:00,Stranraer,Edinburgh City,R Birrell,1.96,3.51,3.19,1.67,2.07,-0.5,1.94,1.77
SP2|03/10/2026|Almeria|Burgos,SP2,西乙,03/10/2026,15:15,2026-10-03T14:15+00:00,Almeria,Burgos,,1.59,3.71,5.18,1.87,1.84,-1,2.02,1.74
SC2|03/10/2026|Hamilton|Peterhead,SC2,蘇甲,03/10/2026,17:30,2026-10-03T16:30+00:00,Hamilton,Peterhead,G Hanvidge,1.32,4.64,7.81,1.65,2.11,-1.5,1.93,1.77
SP2|03/10/2026|Cadiz|Leganes,SP2,西乙,03/10/2026,17:30,2026-10-03T16:30+00:00,Cadiz,Leganes,,2.78,3.1,2.44,2.2,1.61,0,2,1.74
SP2|03/10/2026|Sabadell|Andorra,SP2,西乙,03/10/2026,17:30,2026-10-03T16:30+00:00,Sabadell,Andorra,,2.04,3.18,3.48,2.04,1.7,-0.5,2.02,1.71
SP2|04/10/2026|Sociedad B|Granada,SP2,西乙,04/10/2026,13:00,2026-10-04T12:00+00:00,Sociedad B,Granada,,2.46,3.23,2.64,1.91,1.81,0,1.8,1.93
SP2|04/10/2026|Sp Gijon|Celta B,SP2,西乙,04/10/2026,15:15,2026-10-04T14:15+00:00,Sp Gijon,Celta B,,1.52,3.98,5.4,1.72,2,-1,1.9,1.82
SP2|04/10/2026|Castellon|Ceuta,SP2,西乙,04/10/2026,17:30,2026-10-04T16:30+00:00,Castellon,Ceuta,,1.24,5.88,8.88,1.35,2.96,-1.75,1.84,1.89
SP2|04/10/2026|Las Palmas|Valladolid,SP2,西乙,04/10/2026,17:30,2026-10-04T16:30+00:00,Las Palmas,Valladolid,,2.14,3.2,3.22,1.99,1.74,-0.25,1.85,1.87
SP2|04/10/2026|Girona|Mallorca,SP2,西乙,04/10/2026,20:00,2026-10-04T19:00+00:00,Girona,Mallorca,,2.15,3.34,3.03,1.8,1.92,-0.25,1.89,1.84
SP2|05/10/2026|Cordoba|Tenerife,SP2,西乙,05/10/2026,19:30,2026-10-05T18:30+00:00,Cordoba,Tenerife,,1.91,3.37,3.63,1.82,1.89,-0.5,1.89,1.82
