match_key,div,season,date,kickoff_utc,home,away,hg,ag,home_xg,away_xg,home_npxg,away_npxg,home_xgot,away_xgot,home_shots,away_shots,pitch_id,pitch_home,pitch_away,mapped
F1|2023-08-11|Nice|Lille,F1,2023,2023-08-11,2023-08-11T19:00:00Z,Nice,Lille,1,1,1.17155,1.35357,1.17155,1.35357,1.5333,2.0744,8,12,m_4CKTEF,Nice,Lille,1
F1|2023-08-12|Marseille|Reims,F1,2023,2023-08-12,2023-08-12T15:00:00Z,Marseille,Reims,2,1,1.04276,0.7703,1.04276,0.7703,1.2404,0.6758,14,11,m_3unnjN,Marseille,Reims,1
F1|2023-08-12|Paris SG|Lorient,F1,2023,2023-08-12,2023-08-12T19:00:00Z,Paris SG,Lorient,0,0,1.23739,0.12324,1.23739,0.12324,0.5398,0.0,20,4,m_2umf6O,Paris Saint-Germain,Lorient,1
F1|2023-08-13|Brest|Lens,F1,2023,2023-08-13,2023-08-13T11:00:00Z,Brest,Lens,3,2,2.54913,0.70542,0.97233,0.70542,3.8342,0.8041,15,8,m_4P9sz5,Brest,Lens,1
F1|2023-08-13|Clermont|Monaco,F1,2023,2023-08-13,2023-08-13T13:00:00Z,Clermont,Monaco,2,4,1.75403,2.48763,1.75403,2.48763,1.3984,3.3697,15,14,m_0bsP4O,Clermont Foot,Monaco,1
F1|2023-08-13|Montpellier|Le Havre,F1,2023,2023-08-13,2023-08-13T13:00:00Z,Montpellier,Le Havre,2,2,1.62275,1.09806,1.62275,1.09806,1.43833,1.20082,14,12,m_0UOUk0,Montpellier,Le Havre,1
F1|2023-08-13|Nantes|Toulouse,F1,2023,2023-08-13,2023-08-13T13:00:00Z,Nantes,Toulouse,1,2,1.06319,1.21701,0.27479,1.21701,1.2294,1.9752,9,9,m_1EGKDV,Nantes,Toulouse,1
F1|2023-08-13|Rennes|Metz,F1,2023,2023-08-13,2023-08-13T15:05:00Z,Rennes,Metz,5,1,4.31135,0.45093,4.31135,0.45093,5.0226,0.8726,29,9,m_0RxlUF,Rennes,Metz,1
F1|2023-08-13|Strasbourg|Lyon,F1,2023,2023-08-13,2023-08-13T18:45:00Z,Strasbourg,Lyon,2,1,1.27671,1.7698,1.27671,1.7698,0.8611,1.7747,8,23,m_0woBZV,Strasbourg,Lyon,1
F1|2023-08-18|Metz|Marseille,F1,2023,2023-08-18,2023-08-18T19:00:00Z,Metz,Marseille,2,2,0.47514,1.93538,0.47514,1.93538,1.3256,0.9289,10,22,m_1YiHbk,Metz,Marseille,1
F1|2023-08-19|Lyon|Montpellier,F1,2023,2023-08-19,2023-08-19T17:00:00Z,Lyon,Montpellier,1,4,0.36183,2.91958,0.36183,2.91958,0.6589,3.1204,7,14,m_4TXrNF,Lyon,Montpellier,1
F1|2023-08-19|Toulouse|Paris SG,F1,2023,2023-08-19,2023-08-19T19:00:00Z,Toulouse,Paris SG,1,1,1.22128,2.15828,0.43288,1.36988,1.0066,1.14925,8,16,m_2Vn7rV,Toulouse,Paris Saint-Germain,1
F1|2023-08-20|Le Havre|Brest,F1,2023,2023-08-20,2023-08-20T13:00:00Z,Le Havre,Brest,1,2,1.24695,1.08686,1.24695,1.08686,1.5349,1.6565,18,10,m_2DpYO2,Le Havre,Brest,1
F1|2023-08-20|Lens|Rennes,F1,2023,2023-08-20,2023-08-20T18:45:00Z,Lens,Rennes,1,1,0.98065,1.44604,0.98065,0.65764,0.6879,1.9734,15,10,m_3H6OjU,Lens,Rennes,1
F1|2023-08-20|Lille|Nantes,F1,2023,2023-08-20,2023-08-20T11:00:00Z,Lille,Nantes,2,0,2.51763,1.08179,2.51763,1.08179,3.1587,1.0735,18,14,m_3bJjWF,Lille,Nantes,1
F1|2023-08-20|Lorient|Nice,F1,2023,2023-08-20,2023-08-20T13:00:00Z,Lorient,Nice,1,1,0.84856,1.74986,0.84856,1.74986,1.0901,1.3555,9,21,m_0iBQRp,Lorient,Nice,1
F1|2023-08-20|Monaco|Strasbourg,F1,2023,2023-08-20,2023-08-20T17:00:00Z,Monaco,Strasbourg,3,0,0.87545,0.49659,0.87545,0.49659,1.2849,0.0276,9,4,m_2uDK6I,Monaco,Strasbourg,1
F1|2023-08-20|Reims|Clermont,F1,2023,2023-08-20,2023-08-20T13:00:00Z,Reims,Clermont,2,0,2.68604,0.4289,2.68604,0.4289,3.6109,1.3914,8,11,m_4D1kMb,Reims,Clermont Foot,1
F1|2023-08-25|Nantes|Monaco,F1,2023,2023-08-25,2023-08-25T19:00:00Z,Nantes,Monaco,3,3,1.03444,3.87752,0.24604,3.87752,1.5998,4.2705,3,27,m_3RFQVB,Nantes,Monaco,1
F1|2023-08-26|Marseille|Brest,F1,2023,2023-08-26,2023-08-26T17:00:00Z,Marseille,Brest,2,0,3.09735,1.52508,3.09735,1.52508,3.0654,1.7232,15,18,m_2TABnE,Marseille,Brest,1
F1|2023-08-26|Paris SG|Lens,F1,2023,2023-08-26,2023-08-26T19:00:00Z,Paris SG,Lens,3,1,1.53695,0.47454,1.53695,0.47454,1.2851,1.0903,17,12,m_1uIxhI,Paris Saint-Germain,Lens,1
F1|2023-08-27|Clermont|Metz,F1,2023,2023-08-27,2023-08-27T13:00:00Z,Clermont,Metz,0,1,0.67133,1.09331,0.67133,1.09331,0.3227,0.8428,16,10,m_3aRiIc,Clermont Foot,Metz,1
F1|2023-08-27|Lorient|Lille,F1,2023,2023-08-27,2023-08-27T15:05:00Z,Lorient,Lille,4,1,1.60019,1.14969,1.60019,1.14969,2.2174,1.9387,9,18,m_32CnBD,Lorient,Lille,1
F1|2023-08-27|Montpellier|Reims,F1,2023,2023-08-27,2023-08-27T13:00:00Z,Montpellier,Reims,1,3,0.94625,1.39144,0.94625,0.60304,1.0787,2.1369,20,12,m_1lBBsd,Montpellier,Reims,1
F1|2023-08-27|Nice|Lyon,F1,2023,2023-08-27,2023-08-27T18:45:00Z,Nice,Lyon,0,0,1.94561,0.19941,1.94561,0.19941,0.6882,0.04,21,6,m_3ZN5Ag,Nice,Lyon,1
F1|2023-08-27|Rennes|Le Havre,F1,2023,2023-08-27,2023-08-27T11:00:00Z,Rennes,Le Havre,2,2,3.6859,0.40078,3.6859,0.40078,3.0071,0.7563,22,7,m_1OrtvE,Rennes,Le Havre,1
F1|2023-08-27|Strasbourg|Toulouse,F1,2023,2023-08-27,2023-08-27T13:00:00Z,Strasbourg,Toulouse,2,0,3.44526,0.34073,3.44526,0.34073,1.6919,0.4138,11,7,m_1J6vX4,Strasbourg,Toulouse,1
F1|2023-09-01|Nantes|Marseille,F1,2023,2023-09-01,2023-09-01T19:00:00Z,Nantes,Marseille,1,1,0.93938,2.57536,0.93938,2.57536,0.6446,1.5076,10,26,m_3rBxq0,Nantes,Marseille,1
F1|2023-09-02|Brest|Rennes,F1,2023,2023-09-02,2023-09-02T15:00:00Z,Brest,Rennes,0,0,1.3649,0.29365,1.3649,0.29365,0.1861,0.5206,13,6,m_2ImPcN,Brest,Rennes,1
F1|2023-09-02|Monaco|Lens,F1,2023,2023-09-02,2023-09-02T19:00:00Z,Monaco,Lens,3,0,0.90791,0.63121,0.90791,0.63121,1.8043,0.4832,12,12,m_4S8b4t,Monaco,Lens,1
F1|2023-09-03|Le Havre|Lorient,F1,2023,2023-09-03,2023-09-03T13:00:00Z,Le Havre,Lorient,3,0,1.98123,0.6759,1.98123,0.6759,1.5225,0.6355,17,9,m_0UwDsT,Le Havre,Lorient,1
F1|2023-09-03|Lille|Montpellier,F1,2023,2023-09-03,2023-09-03T13:00:00Z,Lille,Montpellier,1,0,1.17885,0.26029,1.17885,0.26029,1.9613,0.9704,15,7,m_3gCxzH,Lille,Montpellier,1
F1|2023-09-03|Lyon|Paris SG,F1,2023,2023-09-03,2023-09-03T18:45:00Z,Lyon,Paris SG,1,4,2.2829,4.56981,1.4945,3.78141,2.0599,3.7899,19,22,m_2t93bz,Lyon,Paris Saint-Germain,1
F1|2023-09-03|Metz|Reims,F1,2023,2023-09-03,2023-09-03T13:00:00Z,Metz,Reims,2,2,1.06177,0.71504,1.06177,0.71504,1.3245,0.376,12,12,m_2GCcN2,Metz,Reims,1
F1|2023-09-03|Nice|Strasbourg,F1,2023,2023-09-03,2023-09-03T15:05:00Z,Nice,Strasbourg,2,0,2.26137,0.24578,2.26137,0.24578,0.0,0.0,16,4,m_150aLw,Nice,Strasbourg,1
F1|2023-09-03|Toulouse|Clermont,F1,2023,2023-09-03,2023-09-03T11:00:00Z,Toulouse,Clermont,2,2,0.65349,1.85151,0.65349,1.06311,1.4204,1.749,9,15,m_0Mtkbn,Toulouse,Clermont Foot,1
F1|2023-09-15|Paris SG|Nice,F1,2023,2023-09-15,2023-09-15T19:00:00Z,Paris SG,Nice,2,3,0.95499,1.29762,0.95499,1.29762,0.8485,2.5603,12,14,m_1aQHwF,Paris Saint-Germain,Nice,1
F1|2023-09-16|Lens|Metz,F1,2023,2023-09-16,2023-09-16T19:00:00Z,Lens,Metz,0,1,2.03782,0.27634,2.03782,0.27634,0.6986,0.9201,31,2,m_26EAn8,Lens,Metz,1
F1|2023-09-16|Rennes|Lille,F1,2023,2023-09-16,2023-09-16T15:00:00Z,Rennes,Lille,2,2,0.4515,1.0389,0.4515,1.0389,0.1779,1.8411,7,10,m_1sX37r,Rennes,Lille,1
F1|2023-09-17|Clermont|Nantes,F1,2023,2023-09-17,2023-09-17T13:00:00Z,Clermont,Nantes,0,1,1.3011,0.68199,0.5127,0.68199,0.6892,0.4973,16,8,m_3A3v7F,Clermont Foot,Nantes,1
F1|2023-09-17|Lorient|Monaco,F1,2023,2023-09-17,2023-09-17T11:00:00Z,Lorient,Monaco,2,2,0.89555,1.80196,0.89555,1.80196,1.2182,1.5774,10,20,m_3tJBZM,Lorient,Monaco,1
F1|2023-09-17|Lyon|Le Havre,F1,2023,2023-09-17,2023-09-17T18:45:00Z,Lyon,Le Havre,0,0,1.48978,0.77506,1.48978,0.77506,2.6251,0.0,23,7,m_0HVUfm,Lyon,Le Havre,1
F1|2023-09-17|Marseille|Toulouse,F1,2023,2023-09-17,2023-09-17T15:05:00Z,Marseille,Toulouse,0,0,1.50827,0.73851,1.50827,0.73851,0.7316,0.7065,24,10,m_2W0dul,Marseille,Toulouse,1
F1|2023-09-17|Reims|Brest,F1,2023,2023-09-17,2023-09-17T13:00:00Z,Reims,Brest,1,2,1.80717,1.61123,1.80717,1.61123,1.8808,1.6183,13,18,m_1Y2sBW,Reims,Brest,1
F1|2023-09-17|Strasbourg|Montpellier,F1,2023,2023-09-17,2023-09-17T13:00:00Z,Strasbourg,Montpellier,2,2,2.71414,1.0759,2.71414,1.0759,1.7317,0.931,14,11,m_3Qm4QG,Strasbourg,Montpellier,1
F1|2023-09-22|Monaco|Nice,F1,2023,2023-09-22,2023-09-22T19:00:00Z,Monaco,Nice,0,1,1.84088,0.87636,0.26408,0.87636,2.0587,1.2749,9,13,m_4FJUWS,Monaco,Nice,1
F1|2023-09-23|Brest|Lyon,F1,2023,2023-09-23,2023-09-23T19:00:00Z,Brest,Lyon,1,0,2.44246,0.40038,2.44246,0.40038,2.069,0.6457,27,6,m_3B7lg7,Brest,Lyon,1
F1|2023-09-23|Nantes|Lorient,F1,2023,2023-09-23,2023-09-23T15:00:00Z,Nantes,Lorient,5,3,2.13642,1.73518,1.34802,1.73518,3.2428,3.169,19,10,m_4E9xIB,Nantes,Lorient,1
F1|2023-09-24|Le Havre|Clermont,F1,2023,2023-09-24,2023-09-24T13:00:00Z,Le Havre,Clermont,2,1,1.31371,0.85807,1.31371,0.85807,1.3612,1.0559,9,11,m_3iWz9x,Le Havre,Clermont Foot,1
F1|2023-09-24|Lens|Toulouse,F1,2023,2023-09-24,2023-09-24T13:00:00Z,Lens,Toulouse,2,1,2.5047,0.36858,2.5047,0.36858,1.3633,0.949,27,7,m_0xUWbr,Lens,Toulouse,1
F1|2023-09-24|Metz|Strasbourg,F1,2023,2023-09-24,2023-09-24T11:00:00Z,Metz,Strasbourg,0,1,1.16206,0.39672,1.16206,0.39672,0.078,0.0701,13,4,m_2QIIpM,Metz,Strasbourg,1
F1|2023-09-24|Montpellier|Rennes,F1,2023,2023-09-24,2023-09-24T15:05:00Z,Montpellier,Rennes,0,0,1.50892,0.85106,1.50892,0.85106,0.3521,0.6785,13,18,m_0bPZTW,Montpellier,Rennes,1
F1|2023-09-24|Paris SG|Marseille,F1,2023,2023-09-24,2023-09-24T18:45:00Z,Paris SG,Marseille,4,0,1.97121,0.65994,1.97121,0.65994,2.4573,0.0,15,6,m_2ygkVC,Paris Saint-Germain,Marseille,1
F1|2023-09-26|Lille|Reims,F1,2023,2023-09-26,2023-09-26T19:00:00Z,Lille,Reims,1,2,1.24407,0.50131,1.24407,0.50131,1.0201,0.8532,14,4,m_2W27xx,Lille,Reims,1
F1|2023-09-29|Strasbourg|Lens,F1,2023,2023-09-29,2023-09-29T19:00:00Z,Strasbourg,Lens,0,1,0.29272,0.75389,0.29272,0.75389,0.3663,1.0605,8,9,m_1isQRd,Strasbourg,Lens,1
F1|2023-09-30|Clermont|Paris SG,F1,2023,2023-09-30,2023-09-30T15:00:00Z,Clermont,Paris SG,0,0,1.10496,3.06336,1.10496,3.06336,1.6685,1.5395,12,21,m_1qES42,Clermont Foot,Paris Saint-Germain,1
F1|2023-09-30|Monaco|Marseille,F1,2023,2023-09-30,2023-09-30T19:00:00Z,Monaco,Marseille,3,2,1.10343,1.00915,1.10343,1.00915,2.1003,1.4364,10,8,m_2qoRlo,Monaco,Marseille,1
F1|2023-10-01|Le Havre|Lille,F1,2023,2023-10-01,2023-10-01T13:00:00Z,Le Havre,Lille,0,2,0.82536,1.25322,0.82536,1.25322,0.0,1.011,6,16,m_2k2ROl,Le Havre,Lille,1
F1|2023-10-01|Lorient|Montpellier,F1,2023,2023-10-01,2023-10-01T15:05:00Z,Lorient,Montpellier,0,3,0.99956,2.84543,0.99956,2.05703,0.426,3.1099,14,14,m_1YpHGh,Lorient,Montpellier,1
F1|2023-10-01|Nice|Brest,F1,2023,2023-10-01,2023-10-01T13:00:00Z,Nice,Brest,0,0,1.21529,0.15782,1.21529,0.15782,0.0578,0.226,12,7,m_0nMAUz,Nice,Brest,1
F1|2023-10-01|Reims|Lyon,F1,2023,2023-10-01,2023-10-01T11:00:00Z,Reims,Lyon,2,0,2.08117,0.7466,2.08117,0.7466,1.5956,0.5785,8,11,m_3lXcF1,Reims,Lyon,1
F1|2023-10-01|Rennes|Nantes,F1,2023,2023-10-01,2023-10-01T18:45:00Z,Rennes,Nantes,3,1,2.6846,1.00427,1.1078,1.00427,2.565,0.6748,16,10,m_3K1CtP,Rennes,Nantes,1
F1|2023-10-01|Toulouse|Metz,F1,2023,2023-10-01,2023-10-01T13:05:00Z,Toulouse,Metz,3,0,1.33824,0.69383,1.33824,0.69383,2.2098,0.3623,15,8,m_0djQGi,Toulouse,Metz,1
F1|2023-10-06|Strasbourg|Nantes,F1,2023,2023-10-06,2023-10-06T19:00:00Z,Strasbourg,Nantes,1,2,0.68606,2.05314,0.68606,2.05314,0.8837,1.7378,11,16,m_1HZr2w,Strasbourg,Nantes,1
F1|2023-10-07|Metz|Nice,F1,2023,2023-10-07,2023-10-07T15:00:00Z,Metz,Nice,0,1,0.39539,1.36235,0.39539,1.36235,0.2426,2.3058,10,7,m_0o989H,Metz,Nice,1
F1|2023-10-07|Reims|Monaco,F1,2023,2023-10-07,2023-10-07T19:00:00Z,Reims,Monaco,1,3,1.55047,1.20974,0.76207,1.20974,1.6,1.7671,11,11,m_2dxiF5,Reims,Monaco,1
F1|2023-10-08|Brest|Toulouse,F1,2023,2023-10-08,2023-10-08T13:00:00Z,Brest,Toulouse,1,1,1.48045,1.16543,1.48045,1.16543,0.9245,1.0093,13,9,m_3RS0db,Brest,Toulouse,1
F1|2023-10-08|Lens|Lille,F1,2023,2023-10-08,2023-10-08T15:05:00Z,Lens,Lille,1,1,1.9579,1.70406,1.9579,1.70406,0.9074,0.6611,14,8,m_1hD7nV,Lens,Lille,1
F1|2023-10-08|Lyon|Lorient,F1,2023,2023-10-08,2023-10-08T13:00:00Z,Lyon,Lorient,3,3,1.39036,1.08244,0.60196,1.08244,2.3789,2.2567,9,6,m_1T0IQQ,Lyon,Lorient,1
F1|2023-10-08|Marseille|Le Havre,F1,2023,2023-10-08,2023-10-08T11:00:00Z,Marseille,Le Havre,3,0,2.84879,0.17735,2.84879,0.17735,2.1421,0.2057,14,8,m_2cMaIY,Marseille,Le Havre,1
F1|2023-10-08|Rennes|Paris SG,F1,2023,2023-10-08,2023-10-08T18:45:00Z,Rennes,Paris SG,1,3,1.12517,3.51396,1.12517,3.51396,1.2518,2.4365,14,17,m_3iJ98O,Rennes,Paris Saint-Germain,1
F1|2023-10-20|Le Havre|Lens,F1,2023,2023-10-20,2023-10-20T19:00:00Z,Le Havre,Lens,0,0,1.6606,1.63759,1.6606,1.63759,1.817,1.0308,14,13,m_06pA4S,Le Havre,Lens,1
F1|2023-10-21|Nice|Marseille,F1,2023,2023-10-21,2023-10-21T19:00:00Z,Nice,Marseille,1,0,0.56798,1.0672,0.56798,1.0672,0.5706,0.4225,10,9,m_0uJoI8,Nice,Marseille,1
F1|2023-10-21|Paris SG|Strasbourg,F1,2023,2023-10-21,2023-10-21T15:00:00Z,Paris SG,Strasbourg,3,0,2.06806,0.38298,1.27966,0.38298,2.70026,0.05997,8,7,m_3vOoQT,Paris Saint-Germain,Strasbourg,1
F1|2023-10-22|Lille|Brest,F1,2023,2023-10-22,2023-10-22T13:00:00Z,Lille,Brest,1,0,1.63836,0.77667,1.63836,0.77667,1.5916,0.1686,6,9,m_4UxBOy,Lille,Brest,1
F1|2023-10-22|Lorient|Rennes,F1,2023,2023-10-22,2023-10-22T11:00:00Z,Lorient,Rennes,2,1,0.6239,0.93625,0.6239,0.93625,0.84317,1.92329,5,21,m_3WCUbf,Lorient,Rennes,1
F1|2023-10-22|Lyon|Clermont,F1,2023,2023-10-22,2023-10-22T18:45:00Z,Lyon,Clermont,1,2,1.68078,1.03778,1.68078,1.03778,1.1551,1.2803,25,13,m_3kGF4A,Lyon,Clermont Foot,1
F1|2023-10-22|Monaco|Metz,F1,2023,2023-10-22,2023-10-22T15:05:00Z,Monaco,Metz,2,1,1.99637,1.11055,1.99637,1.11055,2.6795,0.9295,27,8,m_1ra998,Monaco,Metz,1
F1|2023-10-22|Nantes|Montpellier,F1,2023,2023-10-22,2023-10-22T13:00:00Z,Nantes,Montpellier,2,0,1.50465,0.52857,1.50465,0.52857,2.0585,0.8085,14,11,m_1Fm8X8,Nantes,Montpellier,1
F1|2023-10-22|Toulouse|Reims,F1,2023,2023-10-22,2023-10-22T13:00:00Z,Toulouse,Reims,1,1,0.80934,1.36285,0.80934,1.36285,1.6442,0.3701,11,15,m_2X67AH,Toulouse,Reims,1
F1|2023-10-27|Clermont|Nice,F1,2023,2023-10-27,2023-10-27T19:00:00Z,Clermont,Nice,0,1,0.47321,2.16843,0.47321,1.38003,0.0976,1.0473,8,12,m_402P9f,Clermont Foot,Nice,1
F1|2023-10-28|Lens|Nantes,F1,2023,2023-10-28,2023-10-28T19:00:00Z,Lens,Nantes,4,0,3.91007,1.00998,2.33327,1.00998,4.2178,0.0726,11,11,m_0CSte1,Lens,Nantes,1
F1|2023-10-28|Reims|Lorient,F1,2023,2023-10-28,2023-10-28T15:00:00Z,Reims,Lorient,1,0,0.77782,0.41517,0.77782,0.41517,1.1949,0.1092,12,9,m_2ZLSKt,Reims,Lorient,1
F1|2023-10-29|Brest|Paris SG,F1,2023,2023-10-29,2023-10-29T12:00:00Z,Brest,Paris SG,2,3,1.86342,2.70404,1.86342,1.91564,1.9985,2.8863,21,17,m_1Utuzn,Brest,Paris Saint-Germain,1
F1|2023-10-29|Lille|Monaco,F1,2023,2023-10-29,2023-10-29T14:00:00Z,Lille,Monaco,2,0,0.49633,0.58653,0.49633,0.58653,1.287,1.5882,7,16,m_0DOTx7,Lille,Monaco,1
F1|2023-10-29|Metz|Le Havre,F1,2023,2023-10-29,2023-10-29T14:00:00Z,Metz,Le Havre,0,0,0.55046,0.68467,0.55046,0.68467,1.38911,0.79685,9,12,m_0sbQ3N,Metz,Le Havre,1
F1|2023-10-29|Montpellier|Toulouse,F1,2023,2023-10-29,2023-10-29T14:00:00Z,Montpellier,Toulouse,3,0,3.0703,1.23507,3.0703,1.23507,2.9112,0.8432,19,17,m_3CYnqR,Montpellier,Toulouse,1
F1|2023-10-29|Rennes|Strasbourg,F1,2023,2023-10-29,2023-10-29T16:05:00Z,Rennes,Strasbourg,1,1,1.13871,0.96949,1.13871,0.96949,0.9612,1.0929,20,11,m_20NZPq,Rennes,Strasbourg,1
F1|2023-11-03|Paris SG|Montpellier,F1,2023,2023-11-03,2023-11-03T20:00:00Z,Paris SG,Montpellier,3,0,1.15901,0.47187,1.15901,0.47187,2.2361,0.0768,21,7,m_0avHQ9,Paris Saint-Germain,Montpellier,1
F1|2023-11-04|Lorient|Lens,F1,2023,2023-11-04,2023-11-04T16:00:00Z,Lorient,Lens,0,0,0.46766,0.6472,0.46766,0.6472,0.76,0.849,7,14,m_3WwxXK,Lorient,Lens,1
F1|2023-11-04|Marseille|Lille,F1,2023,2023-11-04,2023-11-04T20:00:00Z,Marseille,Lille,0,0,0.79597,0.30468,0.79597,0.30468,0.3023,0.2229,8,10,m_2coeNE,Marseille,Lille,1
F1|2023-11-05|Lyon|Metz,F1,2023,2023-11-05,2023-11-05T12:00:00Z,Lyon,Metz,1,1,1.94904,0.68108,1.94904,0.68108,1.707,0.421,15,11,m_1ZKa0b,Lyon,Metz,1
F1|2023-11-05|Monaco|Brest,F1,2023,2023-11-05,2023-11-05T16:05:00Z,Monaco,Brest,2,0,0.78629,0.84909,0.78629,0.84909,0.8245,0.0765,12,15,m_2kLqEG,Monaco,Brest,1
F1|2023-11-05|Nantes|Reims,F1,2023,2023-11-05,2023-11-05T14:00:00Z,Nantes,Reims,0,1,1.87935,1.07334,1.87935,1.07334,0.5789,1.3802,17,7,m_0lNW0k,Nantes,Reims,1
F1|2023-11-05|Nice|Rennes,F1,2023,2023-11-05,2023-11-05T19:45:00Z,Nice,Rennes,2,0,1.64826,0.79568,1.64826,0.79568,1.185,0.7123,15,12,m_3IaCgh,Nice,Rennes,1
F1|2023-11-05|Strasbourg|Clermont,F1,2023,2023-11-05,2023-11-05T14:00:00Z,Strasbourg,Clermont,0,0,1.00701,0.90486,1.00701,0.90486,0.5039,0.3415,18,10,m_2N8LoB,Strasbourg,Clermont Foot,1
F1|2023-11-05|Toulouse|Le Havre,F1,2023,2023-11-05,2023-11-05T14:00:00Z,Toulouse,Le Havre,1,2,2.61469,1.10541,1.82629,1.10541,1.3609,2.1647,17,15,m_3ugjWG,Toulouse,Le Havre,1
F1|2023-11-10|Montpellier|Nice,F1,2023,2023-11-10,2023-11-10T20:00:00Z,Montpellier,Nice,0,0,0.46521,0.72904,0.46521,0.72904,0.1485,0.3415,9,15,m_3xPfKn,Montpellier,Nice,1
F1|2023-11-11|Le Havre|Monaco,F1,2023,2023-11-11,2023-11-11T20:00:00Z,Le Havre,Monaco,0,0,1.44105,0.59244,0.65265,0.59244,2.0124,1.3828,9,10,m_46C80S,Le Havre,Monaco,1
F1|2023-11-11|Reims|Paris SG,F1,2023,2023-11-11,2023-11-11T16:00:00Z,Reims,Paris SG,0,3,1.40784,2.26806,1.40784,2.26806,0.9284,2.484,19,14,m_40ifdm,Reims,Paris Saint-Germain,1
F1|2023-11-12|Clermont|Lorient,F1,2023,2023-11-12,2023-11-12T14:00:00Z,Clermont,Lorient,1,0,1.52369,0.52069,0.73529,0.52069,1.9478,0.9614,17,10,m_1EYeWt,Clermont Foot,Lorient,1
F1|2023-11-12|Lens|Marseille,F1,2023,2023-11-12,2023-11-12T19:45:00Z,Lens,Marseille,1,0,1.07955,1.04069,1.07955,1.04069,0.3416,0.6007,14,8,m_3IXO21,Lens,Marseille,1
F1|2023-11-12|Lille|Toulouse,F1,2023,2023-11-12,2023-11-12T14:00:00Z,Lille,Toulouse,1,1,3.26152,0.10176,3.26152,0.10176,1.7864,0.6788,14,2,m_3sJ7rH,Lille,Toulouse,1
F1|2023-11-12|Metz|Nantes,F1,2023,2023-11-12,2023-11-12T14:00:00Z,Metz,Nantes,3,1,1.18832,1.37518,1.18832,1.37518,1.6359,0.38991,9,16,m_0POk6o,Metz,Nantes,1
F1|2023-11-12|Rennes|Lyon,F1,2023,2023-11-12,2023-11-12T16:05:00Z,Rennes,Lyon,0,1,0.91668,1.49193,0.91668,1.49193,0.5465,1.226,8,12,m_4Wpz6Z,Rennes,Lyon,1
F1|2023-11-24|Paris SG|Monaco,F1,2023,2023-11-24,2023-11-24T20:00:00Z,Paris SG,Monaco,5,2,2.59389,1.55709,1.80549,1.55709,3.4816,2.3523,16,14,m_4VG9Tv,Paris Saint-Germain,Monaco,1
F1|2023-11-25|Clermont|Lens,F1,2023,2023-11-25,2023-11-25T16:00:00Z,Clermont,Lens,0,3,1.91173,2.27503,1.91173,2.27503,0.5666,2.6432,13,16,m_3CgmZR,Clermont Foot,Lens,1
F1|2023-11-25|Strasbourg|Marseille,F1,2023,2023-11-25,2023-11-25T20:00:00Z,Strasbourg,Marseille,1,1,1.14428,1.41112,1.14428,1.41112,0.8643,1.2648,15,16,m_1TvVdl,Strasbourg,Marseille,1
F1|2023-11-26|Lorient|Metz,F1,2023,2023-11-26,2023-11-26T14:00:00Z,Lorient,Metz,2,3,1.20597,1.87039,1.20597,1.08199,1.8316,2.2413,11,14,m_3dXfCD,Lorient,Metz,1
F1|2023-11-26|Lyon|Lille,F1,2023,2023-11-26,2023-11-26T19:45:00Z,Lyon,Lille,0,2,1.91745,1.48258,1.91745,1.48258,0.9121,1.7932,11,15,m_0YN8zw,Lyon,Lille,1
F1|2023-11-26|Montpellier|Brest,F1,2023,2023-11-26,2023-11-26T14:00:00Z,Montpellier,Brest,1,3,1.74792,1.71742,0.95952,1.71742,1.29678,1.5133,17,17,m_0CI1df,Montpellier,Brest,1
F1|2023-11-26|Nantes|Le Havre,F1,2023,2023-11-26,2023-11-26T14:00:00Z,Nantes,Le Havre,0,0,1.34216,0.24166,1.34216,0.24166,0.4295,0.0,19,6,m_3L5TzK,Nantes,Le Havre,1
F1|2023-11-26|Nice|Toulouse,F1,2023,2023-11-26,2023-11-26T12:00:00Z,Nice,Toulouse,1,0,0.95184,1.31895,0.95184,1.31895,0.6293,0.6005,8,19,m_3StSH6,Nice,Toulouse,1
F1|2023-11-26|Rennes|Reims,F1,2023,2023-11-26,2023-11-26T16:05:00Z,Rennes,Reims,3,1,1.93132,1.57097,1.93132,1.57097,2.1538,1.2278,10,15,m_1dkun2,Rennes,Reims,1
F1|2023-12-01|Reims|Strasbourg,F1,2023,2023-12-01,2023-12-01T20:00:00Z,Reims,Strasbourg,2,1,1.27061,1.72297,1.27061,0.93457,0.6459,1.6396,12,11,m_0MxbkY,Reims,Strasbourg,1
F1|2023-12-02|Lens|Lyon,F1,2023,2023-12-02,2023-12-02T16:00:00Z,Lens,Lyon,3,2,2.13464,2.73438,1.34624,2.73438,2.064,3.1542,10,12,m_0JZTbs,Lens,Lyon,1
F1|2023-12-02|Nantes|Nice,F1,2023,2023-12-02,2023-12-02T20:00:00Z,Nantes,Nice,1,0,1.47891,1.39491,1.47891,1.39491,1.0213,2.7994,13,13,m_0riLzC,Nantes,Nice,1
F1|2023-12-03|Brest|Clermont,F1,2023,2023-12-03,2023-12-03T14:00:00Z,Brest,Clermont,3,0,1.42024,0.81187,0.63184,0.81187,2.3886,0.0537,12,10,m_3adpRL,Brest,Clermont Foot,1
F1|2023-12-03|Le Havre|Paris SG,F1,2023,2023-12-03,2023-12-03T12:00:00Z,Le Havre,Paris SG,0,2,2.04372,1.18287,2.04372,1.18287,1.31,1.6838,22,9,m_4VAO5r,Le Havre,Paris Saint-Germain,1
F1|2023-12-03|Lille|Metz,F1,2023,2023-12-03,2023-12-03T16:05:00Z,Lille,Metz,2,0,3.08072,1.87007,2.29232,0.29327,2.08148,2.82795,16,7,m_3TQbM8,Lille,Metz,1
F1|2023-12-03|Marseille|Rennes,F1,2023,2023-12-03,2023-12-03T19:45:00Z,Marseille,Rennes,2,0,0.94276,0.62364,0.15436,0.62364,1.2911,0.0,5,10,m_35gKz6,Marseille,Rennes,1
F1|2023-12-03|Monaco|Montpellier,F1,2023,2023-12-03,2023-12-03T14:00:00Z,Monaco,Montpellier,2,0,2.31479,0.8561,2.31479,0.8561,2.3081,0.4601,27,9,m_0ud7Jy,Monaco,Montpellier,1
F1|2023-12-03|Toulouse|Lorient,F1,2023,2023-12-03,2023-12-03T14:00:00Z,Toulouse,Lorient,1,1,1.02268,0.79865,1.02268,0.79865,1.383,0.9012,11,11,m_4WZ86K,Toulouse,Lorient,1
F1|2023-12-06|Marseille|Lyon,F1,2023,2023-12-06,2023-12-06T20:00:00Z,Marseille,Lyon,3,0,2.24338,0.17906,2.24338,0.17906,1.5199,0.0234,12,6,m_3vsBjx,Marseille,Lyon,1
F1|2023-12-07|Brest|Strasbourg,F1,2023,2023-12-07,2023-12-07T19:30:00Z,Brest,Strasbourg,1,1,1.07633,1.4567,1.07633,1.4567,0.1742,1.3488,13,9,m_3EJoBg,Brest,Strasbourg,1
F1|2023-12-08|Montpellier|Lens,F1,2023,2023-12-08,2023-12-08T20:00:00Z,Montpellier,Lens,0,0,1.3188,1.1536,1.3188,1.1536,0.5529,1.0192,18,13,m_0jahmJ,Montpellier,Lens,1
F1|2023-12-09|Paris SG|Nantes,F1,2023,2023-12-09,2023-12-09T20:00:00Z,Paris SG,Nantes,2,1,2.27559,0.55552,2.27559,0.55552,2.1266,0.3018,16,10,m_3F0sMv,Paris Saint-Germain,Nantes,1
F1|2023-12-09|Rennes|Monaco,F1,2023,2023-12-09,2023-12-09T16:00:00Z,Rennes,Monaco,1,2,1.7029,0.88706,0.9145,0.88706,1.9614,1.0515,15,12,m_1DbtqQ,Rennes,Monaco,1
F1|2023-12-10|Clermont|Lille,F1,2023,2023-12-10,2023-12-10T14:00:00Z,Clermont,Lille,0,0,1.34597,0.98842,1.34597,0.98842,0.6703,0.3116,16,12,m_1x8QPR,Clermont Foot,Lille,1
F1|2023-12-10|Lorient|Marseille,F1,2023,2023-12-10,2023-12-10T19:45:00Z,Lorient,Marseille,2,4,2.29818,2.34982,2.29818,2.34982,1.4862,2.3691,15,18,m_4N3Egm,Lorient,Marseille,1
F1|2023-12-10|Lyon|Toulouse,F1,2023,2023-12-10,2023-12-10T16:05:00Z,Lyon,Toulouse,3,0,1.84282,1.55455,1.84282,0.76615,2.8542,1.8159,15,16,m_365Lvc,Lyon,Toulouse,1
F1|2023-12-10|Metz|Brest,F1,2023,2023-12-10,2023-12-10T14:00:00Z,Metz,Brest,0,1,0.21563,0.32057,0.21563,0.32057,0.5382,0.3492,6,4,m_4H0v16,Metz,Brest,1
F1|2023-12-10|Nice|Reims,F1,2023,2023-12-10,2023-12-10T12:00:00Z,Nice,Reims,2,1,0.9312,1.33008,0.9312,1.33008,0.8401,0.3616,15,9,m_2HFoAD,Nice,Reims,1
F1|2023-12-10|Strasbourg|Le Havre,F1,2023,2023-12-10,2023-12-10T14:00:00Z,Strasbourg,Le Havre,2,1,1.59646,1.32915,1.59646,1.32915,1.2074,0.9301,12,14,m_2VNSzP,Strasbourg,Le Havre,1
F1|2023-12-15|Monaco|Lyon,F1,2023,2023-12-15,2023-12-15T20:00:00Z,Monaco,Lyon,0,1,1.30348,0.7323,1.30348,0.7323,0.754,0.5995,19,5,m_01W78V,Monaco,Lyon,1
F1|2023-12-16|Le Havre|Nice,F1,2023,2023-12-16,2023-12-16T16:00:00Z,Le Havre,Nice,3,1,2.05953,2.46864,1.27113,2.46864,2.5872,2.0776,9,13,m_2HS931,Le Havre,Nice,1
F1|2023-12-16|Lens|Reims,F1,2023,2023-12-16,2023-12-16T20:00:00Z,Lens,Reims,2,0,1.31368,1.09021,1.31368,1.09021,0.7645,0.3629,7,14,m_3HahaL,Lens,Reims,1
F1|2023-12-17|Lille|Paris SG,F1,2023,2023-12-17,2023-12-17T19:45:00Z,Lille,Paris SG,1,1,1.44067,1.40069,1.44067,0.61229,0.7527,1.1818,15,10,m_2oQivs,Lille,Paris Saint-Germain,1
F1|2023-12-17|Lorient|Strasbourg,F1,2023,2023-12-17,2023-12-17T14:00:00Z,Lorient,Strasbourg,1,2,0.7877,0.91874,0.7877,0.91874,0.8054,2.4321,7,12,m_43Csuy,Lorient,Strasbourg,1
F1|2023-12-17|Marseille|Clermont,F1,2023,2023-12-17,2023-12-17T16:05:00Z,Marseille,Clermont,2,1,2.46816,0.18128,2.46816,0.18128,2.4684,0.5487,15,5,m_1p8Wz4,Marseille,Clermont Foot,1
F1|2023-12-17|Metz|Montpellier,F1,2023,2023-12-17,2023-12-17T14:00:00Z,Metz,Montpellier,0,1,0.84078,0.51263,0.84078,0.51263,0.4306,0.7545,19,6,m_2anUNe,Metz,Montpellier,1
F1|2023-12-17|Nantes|Brest,F1,2023,2023-12-17,2023-12-17T12:00:00Z,Nantes,Brest,0,2,0.98541,2.11004,0.98541,2.11004,0.817,1.865,12,14,m_0eMEeq,Nantes,Brest,1
F1|2023-12-17|Toulouse|Rennes,F1,2023,2023-12-17,2023-12-17T14:00:00Z,Toulouse,Rennes,0,0,0.94752,0.75549,0.94752,0.75549,1.4163,0.8679,15,11,m_0LIC5m,Toulouse,Rennes,1
F1|2023-12-20|Brest|Lorient,F1,2023,2023-12-20,2023-12-20T20:00:00Z,Brest,Lorient,4,0,1.96931,0.50746,1.96931,0.50746,2.3916,0.5675,11,7,m_37fItZ,Brest,Lorient,1
F1|2023-12-20|Clermont|Rennes,F1,2023,2023-12-20,2023-12-20T20:00:00Z,Clermont,Rennes,1,3,0.59403,2.56548,0.59403,1.77708,1.1226,2.7274,14,25,m_3bV4uZ,Clermont Foot,Rennes,1
F1|2023-12-20|Lyon|Nantes,F1,2023,2023-12-20,2023-12-20T20:00:00Z,Lyon,Nantes,1,0,1.71624,0.46197,1.71624,0.46197,1.9641,0.0,8,7,m_0X2hMQ,Lyon,Nantes,1
F1|2023-12-20|Montpellier|Marseille,F1,2023,2023-12-20,2023-12-20T20:00:00Z,Montpellier,Marseille,1,1,0.9017,1.34561,0.9017,1.34561,1.8815,0.5863,12,17,m_43pB6l,Montpellier,Marseille,1
F1|2023-12-20|Nice|Lens,F1,2023,2023-12-20,2023-12-20T20:00:00Z,Nice,Lens,2,0,2.5161,0.50674,1.7277,0.50674,1.8963,0.4658,14,10,m_3blqqI,Nice,Lens,1
F1|2023-12-20|Paris SG|Metz,F1,2023,2023-12-20,2023-12-20T20:00:00Z,Paris SG,Metz,3,1,2.36945,0.13733,2.36945,0.13733,2.4891,0.7038,13,3,m_0Y9LnA,Paris Saint-Germain,Metz,1
F1|2023-12-20|Reims|Le Havre,F1,2023,2023-12-20,2023-12-20T20:00:00Z,Reims,Le Havre,1,0,1.19898,0.24866,1.19898,0.24866,1.3247,0.0562,22,4,m_1QQg4J,Reims,Le Havre,1
F1|2023-12-20|Strasbourg|Lille,F1,2023,2023-12-20,2023-12-20T20:00:00Z,Strasbourg,Lille,2,1,0.8196,0.53426,0.8196,0.53426,0.2858,0.1582,10,10,m_18MLlQ,Strasbourg,Lille,1
F1|2023-12-20|Toulouse|Monaco,F1,2023,2023-12-20,2023-12-20T20:00:00Z,Toulouse,Monaco,1,2,1.36034,1.89691,1.36034,1.10851,1.3854,2.5454,20,12,m_22efWX,Toulouse,Monaco,1
F1|2024-01-12|Marseille|Strasbourg,F1,2023,2024-01-12,2024-01-12T20:00:00Z,Marseille,Strasbourg,1,1,1.36494,1.19148,1.36494,1.19148,0.6127,1.1616,8,18,m_0a4xMG,Marseille,Strasbourg,1
F1|2024-01-13|Monaco|Reims,F1,2023,2024-01-13,2024-01-13T16:00:00Z,Monaco,Reims,1,3,1.18104,1.53878,1.18104,1.53878,1.2056,2.4698,9,12,m_0ZDBj5,Monaco,Reims,1
F1|2024-01-13|Rennes|Nice,F1,2023,2024-01-13,2024-01-13T20:05:00Z,Rennes,Nice,2,0,2.05744,0.6606,1.26904,0.6606,1.7965,0.2622,15,9,m_0J1alF,Rennes,Nice,1
F1|2024-01-14|Brest|Montpellier,F1,2023,2024-01-14,2024-01-14T14:00:00Z,Brest,Montpellier,2,0,3.37115,0.39142,3.37115,0.39142,2.5956,1.0264,26,9,m_01ZLzN,Brest,Montpellier,1
F1|2024-01-14|Le Havre|Lyon,F1,2023,2024-01-14,2024-01-14T16:05:00Z,Le Havre,Lyon,3,1,1.17798,0.7657,1.17798,0.7657,2.3655,0.8768,14,9,m_27CzrS,Le Havre,Lyon,1
F1|2024-01-14|Lens|Paris SG,F1,2023,2024-01-14,2024-01-14T19:45:00Z,Lens,Paris SG,0,2,2.34817,1.71698,1.55977,1.71698,1.9024,1.9956,17,15,m_3AhjRF,Lens,Paris Saint-Germain,1
F1|2024-01-14|Lille|Lorient,F1,2023,2024-01-14,2024-01-14T12:00:00Z,Lille,Lorient,3,0,2.65524,0.11714,2.65524,0.11714,4.3047,0.0,24,1,m_3HCCkL,Lille,Lorient,1
F1|2024-01-14|Metz|Toulouse,F1,2023,2024-01-14,2024-01-14T14:00:00Z,Metz,Toulouse,0,1,0.71209,0.96153,0.71209,0.17313,0.6123,1.0269,14,4,m_0Eebmc,Metz,Toulouse,1
F1|2024-01-14|Nantes|Clermont,F1,2023,2024-01-14,2024-01-14T14:00:00Z,Nantes,Clermont,1,2,1.95489,1.05445,1.95489,1.05445,2.517,1.7207,21,15,m_47SWoD,Nantes,Clermont Foot,1
F1|2024-01-26|Lyon|Rennes,F1,2023,2024-01-26,2024-01-26T20:00:00Z,Lyon,Rennes,2,3,0.93206,0.84608,0.93206,0.84608,0.5933,1.2231,12,11,m_3t3bRq,Lyon,Rennes,1
F1|2024-01-27|Marseille|Monaco,F1,2023,2024-01-27,2024-01-27T20:00:00Z,Marseille,Monaco,2,2,2.66703,0.47229,2.66703,0.47229,3.7494,0.9439,22,6,m_2ucS2G,Marseille,Monaco,1
F1|2024-01-27|Nice|Metz,F1,2023,2024-01-27,2024-01-27T16:00:00Z,Nice,Metz,1,0,2.21205,0.09431,1.42365,0.09431,1.6216,0.0129,15,2,m_1BgO27,Nice,Metz,1
F1|2024-01-28|Clermont|Strasbourg,F1,2023,2024-01-28,2024-01-28T14:00:00Z,Clermont,Strasbourg,1,1,1.55611,1.04359,1.55611,1.04359,2.103,0.7783,14,6,m_0niaqg,Clermont Foot,Strasbourg,1
F1|2024-01-28|Lorient|Le Havre,F1,2023,2024-01-28,2024-01-28T14:00:00Z,Lorient,Le Havre,3,3,1.03249,1.67263,1.03249,0.88423,1.4679,1.797,13,14,m_10LMaz,Lorient,Le Havre,1
F1|2024-01-28|Montpellier|Lille,F1,2023,2024-01-28,2024-01-28T12:00:00Z,Montpellier,Lille,0,0,0.66762,0.52793,0.66762,0.52793,1.9686,0.0,12,12,m_3FPBwx,Montpellier,Lille,1
F1|2024-01-28|Paris SG|Brest,F1,2023,2024-01-28,2024-01-28T19:45:00Z,Paris SG,Brest,2,2,2.28004,0.71475,2.28004,0.71475,2.3311,1.5553,10,9,m_0Z4iR0,Paris Saint-Germain,Brest,1
F1|2024-01-28|Reims|Nantes,F1,2023,2024-01-28,2024-01-28T14:00:00Z,Reims,Nantes,0,0,0.92548,1.23151,0.92548,0.44311,0.0941,1.4,10,7,m_1DYchW,Reims,Nantes,1
F1|2024-01-28|Toulouse|Lens,F1,2023,2024-01-28,2024-01-28T16:05:00Z,Toulouse,Lens,0,2,2.03654,0.78521,1.24814,0.78521,0.9108,1.2917,13,13,m_3zLoNg,Toulouse,Lens,1
F1|2024-02-02|Strasbourg|Paris SG,F1,2023,2024-02-02,2024-02-02T20:00:00Z,Strasbourg,Paris SG,1,2,2.7981,2.02127,2.7981,1.23287,2.4161,1.7976,20,9,m_1ppFS8,Strasbourg,Paris Saint-Germain,1
F1|2024-02-03|Nantes|Lens,F1,2023,2024-02-03,2024-02-03T20:00:00Z,Nantes,Lens,0,1,0.66069,1.60204,0.66069,1.60204,0.5154,0.2365,7,12,m_3eg7ag,Nantes,Lens,1
F1|2024-02-03|Rennes|Montpellier,F1,2023,2024-02-03,2024-02-03T16:00:00Z,Rennes,Montpellier,2,1,1.96893,1.27482,1.18053,1.27482,1.8069,1.009,9,17,m_0uEglD,Rennes,Montpellier,1
F1|2024-02-04|Brest|Nice,F1,2023,2024-02-04,2024-02-04T16:05:00Z,Brest,Nice,0,0,1.0774,0.73779,1.0774,0.73779,0.1903,0.0591,17,13,m_1EVf0H,Brest,Nice,1
F1|2024-02-04|Lille|Clermont,F1,2023,2024-02-04,2024-02-04T14:00:00Z,Lille,Clermont,4,0,2.85128,0.42835,2.85128,0.42835,3.3461,1.5394,23,4,m_2ZzBIh,Lille,Clermont Foot,1
F1|2024-02-04|Lyon|Marseille,F1,2023,2024-02-04,2024-02-04T19:45:00Z,Lyon,Marseille,1,0,1.56121,0.32593,1.56121,0.32593,1.4132,0.0,12,8,m_2vnKYd,Lyon,Marseille,1
F1|2024-02-04|Metz|Lorient,F1,2023,2024-02-04,2024-02-04T14:00:00Z,Metz,Lorient,1,2,1.08834,1.45999,1.08834,1.45999,0.8355,0.8899,10,12,m_1vJk7r,Metz,Lorient,1
F1|2024-02-04|Monaco|Le Havre,F1,2023,2024-02-04,2024-02-04T12:00:00Z,Monaco,Le Havre,1,1,1.39978,0.0979,1.39978,0.0979,1.9159,0.0,18,3,m_4RuFlX,Monaco,Le Havre,1
F1|2024-02-04|Reims|Toulouse,F1,2023,2024-02-04,2024-02-04T14:00:00Z,Reims,Toulouse,2,3,2.82061,1.50976,2.82061,0.72136,1.8921,2.3197,17,9,m_2Y8P8R,Reims,Toulouse,1
F1|2024-02-09|Marseille|Metz,F1,2023,2024-02-09,2024-02-09T20:00:00Z,Marseille,Metz,1,1,1.78986,0.83613,1.78986,0.83613,0.7291,0.7538,18,7,m_3bSdGX,Marseille,Metz,1
F1|2024-02-10|Lens|Strasbourg,F1,2023,2024-02-10,2024-02-10T16:00:00Z,Lens,Strasbourg,3,1,1.57083,1.90245,1.57083,1.90245,2.7571,2.0392,10,19,m_0cVNXC,Lens,Strasbourg,1
F1|2024-02-10|Paris SG|Lille,F1,2023,2024-02-10,2024-02-10T20:00:00Z,Paris SG,Lille,3,1,2.83341,1.20235,2.83341,1.20235,2.4174,0.6328,16,11,m_0dK9j6,Paris Saint-Germain,Lille,1
F1|2024-02-11|Clermont|Brest,F1,2023,2024-02-11,2024-02-11T14:00:00Z,Clermont,Brest,1,1,1.19805,1.53599,1.19805,1.53599,1.518,1.4705,7,16,m_05NeOl,Clermont Foot,Brest,1
F1|2024-02-11|Le Havre|Rennes,F1,2023,2024-02-11,2024-02-11T12:00:00Z,Le Havre,Rennes,0,1,1.11381,0.93984,1.11381,0.93984,0.9253,0.8787,13,11,m_1RLq3J,Le Havre,Rennes,1
F1|2024-02-11|Lorient|Reims,F1,2023,2024-02-11,2024-02-11T14:00:00Z,Lorient,Reims,2,0,1.92022,1.20787,1.92022,1.20787,1.1821,0.8002,17,23,m_4TxGaw,Lorient,Reims,1
F1|2024-02-11|Montpellier|Lyon,F1,2023,2024-02-11,2024-02-11T16:05:00Z,Montpellier,Lyon,1,2,1.53558,1.16459,1.53558,1.16459,1.801,0.9992,15,19,m_0H79Aw,Montpellier,Lyon,1
F1|2024-02-11|Nice|Monaco,F1,2023,2024-02-11,2024-02-11T19:45:00Z,Nice,Monaco,2,3,2.26673,1.77087,1.47833,1.77087,2.2105,2.067,15,9,m_22S2gy,Nice,Monaco,1
F1|2024-02-11|Toulouse|Nantes,F1,2023,2024-02-11,2024-02-11T14:00:00Z,Toulouse,Nantes,1,2,1.02025,0.37815,1.02025,0.37815,0.2152,0.9502,16,5,m_1TUyrS,Toulouse,Nantes,1
F1|2024-02-16|Lyon|Nice,F1,2023,2024-02-16,2024-02-16T20:00:00Z,Lyon,Nice,1,0,0.94486,0.78911,0.94486,0.78911,0.2432,0.952,9,20,m_0QShtT,Lyon,Nice,1
F1|2024-02-17|Lille|Le Havre,F1,2023,2024-02-17,2024-02-17T16:00:00Z,Lille,Le Havre,3,0,4.40981,0.61132,3.62141,0.61132,3.8298,0.541,17,6,m_3P3edn,Lille,Le Havre,1
F1|2024-02-17|Nantes|Paris SG,F1,2023,2024-02-17,2024-02-17T20:00:00Z,Nantes,Paris SG,0,2,1.45137,1.70756,1.45137,0.91916,2.0041,1.2778,12,12,m_0Ofr7j,Nantes,Paris Saint-Germain,1
F1|2024-02-18|Brest|Marseille,F1,2023,2024-02-18,2024-02-18T19:45:00Z,Brest,Marseille,1,0,1.68482,0.55586,1.68482,0.55586,0.9127,0.2175,15,9,m_4O83hr,Brest,Marseille,1
F1|2024-02-18|Monaco|Toulouse,F1,2023,2024-02-18,2024-02-18T14:00:00Z,Monaco,Toulouse,1,2,1.67239,1.48469,1.67239,1.48469,1.6877,2.3942,22,14,m_18q9g7,Monaco,Toulouse,1
F1|2024-02-18|Montpellier|Metz,F1,2023,2024-02-18,2024-02-18T14:00:00Z,Montpellier,Metz,3,0,3.00779,1.29193,2.21939,1.29193,2.5521,0.4527,21,14,m_4NT7dR,Montpellier,Metz,1
F1|2024-02-18|Reims|Lens,F1,2023,2024-02-18,2024-02-18T16:05:00Z,Reims,Lens,1,1,1.12925,1.2426,1.12925,1.2426,0.9931,0.6726,11,9,m_0fqcxZ,Reims,Lens,1
F1|2024-02-18|Rennes|Clermont,F1,2023,2024-02-18,2024-02-18T14:00:00Z,Rennes,Clermont,3,1,3.7738,0.84914,2.9854,0.84914,3.6034,0.8093,16,14,m_4GG9P6,Rennes,Clermont Foot,1
F1|2024-02-18|Strasbourg|Lorient,F1,2023,2024-02-18,2024-02-18T12:00:00Z,Strasbourg,Lorient,1,3,1.61378,2.03318,1.61378,2.03318,2.3437,1.56025,18,13,m_3OTylS,Strasbourg,Lorient,1
F1|2024-02-23|Metz|Lyon,F1,2023,2024-02-23,2024-02-23T20:00:00Z,Metz,Lyon,1,2,1.59256,1.59284,1.59256,1.59284,1.0106,1.1541,15,11,m_0ZsxDR,Metz,Lyon,1
F1|2024-02-24|Lorient|Nantes,F1,2023,2024-02-24,2024-02-24T16:00:00Z,Lorient,Nantes,0,1,0.53882,0.46594,0.53882,0.46594,0.1921,1.7989,6,7,m_1eKrWn,Lorient,Nantes,1
F1|2024-02-24|Strasbourg|Brest,F1,2023,2024-02-24,2024-02-24T20:00:00Z,Strasbourg,Brest,0,3,0.15503,1.82261,0.15503,1.03421,0.0433,2.4945,6,15,m_2X2OKB,Strasbourg,Brest,1
F1|2024-02-25|Le Havre|Reims,F1,2023,2024-02-25,2024-02-25T14:00:00Z,Le Havre,Reims,1,2,1.7656,3.3637,0.9772,2.5753,1.1001,2.9166,17,16,m_3VXOop,Le Havre,Reims,1
F1|2024-02-25|Lens|Monaco,F1,2023,2024-02-25,2024-02-25T12:00:00Z,Lens,Monaco,2,3,3.0018,2.83534,3.0018,2.04694,3.7304,3.623,21,15,m_0UB4wD,Lens,Monaco,1
F1|2024-02-25|Marseille|Montpellier,F1,2023,2024-02-25,2024-02-25T19:45:00Z,Marseille,Montpellier,4,1,2.65631,0.59937,1.86791,0.59937,3.0305,0.4904,16,10,m_27r6Ir,Marseille,Montpellier,1
F1|2024-02-25|Nice|Clermont,F1,2023,2024-02-25,2024-02-25T14:00:00Z,Nice,Clermont,0,0,1.58127,1.97605,1.58127,1.18765,0.97,2.5455,23,13,m_05cmJ9,Nice,Clermont Foot,1
F1|2024-02-25|Paris SG|Rennes,F1,2023,2024-02-25,2024-02-25T16:05:00Z,Paris SG,Rennes,1,1,1.90928,0.80626,1.12088,0.80626,1.4315,0.6067,15,3,m_0kHGvI,Paris Saint-Germain,Rennes,1
F1|2024-02-25|Toulouse|Lille,F1,2023,2024-02-25,2024-02-25T14:00:00Z,Toulouse,Lille,3,1,2.15644,0.58906,1.36804,0.58906,2.8212,0.5377,14,12,m_2GIFuD,Toulouse,Lille,1
F1|2024-03-01|Monaco|Paris SG,F1,2023,2024-03-01,2024-03-01T20:00:00Z,Monaco,Paris SG,0,0,1.70417,1.48655,1.70417,1.48655,1.6142,1.834,14,14,m_1SlEjz,Monaco,Paris Saint-Germain,1
F1|2024-03-02|Clermont|Marseille,F1,2023,2024-03-02,2024-03-02T20:00:00Z,Clermont,Marseille,1,5,0.67935,2.50038,0.67935,2.50038,0.9894,3.5455,7,17,m_4fWywv,Clermont Foot,Marseille,1
F1|2024-03-02|Reims|Lille,F1,2023,2024-03-02,2024-03-02T16:00:00Z,Reims,Lille,0,1,0.61937,1.14924,0.61937,1.14924,0.1707,1.2814,8,8,m_4dEwr0,Reims,Lille,1
F1|2024-03-03|Brest|Le Havre,F1,2023,2024-03-03,2024-03-03T14:00:00Z,Brest,Le Havre,1,0,0.96883,0.58543,0.96883,0.58543,1.0392,0.2524,9,11,m_3vcWOh,Brest,Le Havre,1
F1|2024-03-03|Lyon|Lens,F1,2023,2024-03-03,2024-03-03T19:45:00Z,Lyon,Lens,0,3,2.94378,3.39092,2.94378,2.60252,2.2505,4.0882,13,18,m_1emGek,Lyon,Lens,1
F1|2024-03-03|Montpellier|Strasbourg,F1,2023,2024-03-03,2024-03-03T14:00:00Z,Montpellier,Strasbourg,2,2,1.76123,1.68625,1.76123,0.89785,0.678,1.9494,22,12,m_3itF51,Montpellier,Strasbourg,1
F1|2024-03-03|Nantes|Metz,F1,2023,2024-03-03,2024-03-03T14:00:00Z,Nantes,Metz,0,2,0.88959,2.29832,0.88959,1.50992,0.0487,1.5301,9,13,m_3p8hYg,Nantes,Metz,1
F1|2024-03-03|Rennes|Lorient,F1,2023,2024-03-03,2024-03-03T16:05:00Z,Rennes,Lorient,1,2,1.46201,1.97447,1.46201,1.97447,1.0534,2.0114,22,12,m_3g7Hm3,Rennes,Lorient,1
F1|2024-03-03|Toulouse|Nice,F1,2023,2024-03-03,2024-03-03T12:00:00Z,Toulouse,Nice,2,1,1.79022,1.44029,1.79022,1.44029,1.7486,2.9087,17,9,m_3k4cKj,Toulouse,Nice,1
F1|2024-03-08|Nice|Montpellier,F1,2023,2024-03-08,2024-03-08T20:00:00Z,Nice,Montpellier,1,2,1.15298,1.24871,1.15298,0.46031,0.6785,1.092,20,7,m_4QOPft,Nice,Montpellier,1
F1|2024-03-09|Lens|Brest,F1,2023,2024-03-09,2024-03-09T20:00:00Z,Lens,Brest,1,0,0.8938,0.7608,0.8938,0.7608,0.614,0.4188,6,9,m_0ABKzw,Lens,Brest,1
F1|2024-03-09|Lorient|Lyon,F1,2023,2024-03-09,2024-03-09T16:00:00Z,Lorient,Lyon,0,2,0.51644,1.91943,0.51644,1.91943,0.0,2.3683,9,13,m_1ITR1k,Lorient,Lyon,1
F1|2024-03-10|Le Havre|Toulouse,F1,2023,2024-03-10,2024-03-10T14:00:00Z,Le Havre,Toulouse,1,0,1.01004,0.27399,1.01004,0.27399,1.0001,0.0,12,5,m_3nRix3,Le Havre,Toulouse,1
F1|2024-03-10|Lille|Rennes,F1,2023,2024-03-10,2024-03-10T16:05:00Z,Lille,Rennes,2,2,2.8769,1.10989,2.8769,1.10989,2.1638,0.6839,15,11,m_2AEeIM,Lille,Rennes,1
F1|2024-03-10|Marseille|Nantes,F1,2023,2024-03-10,2024-03-10T19:45:00Z,Marseille,Nantes,2,0,1.47832,1.07466,1.47832,1.07466,2.431,0.2905,12,10,m_1f1Zhk,Marseille,Nantes,1
F1|2024-03-10|Metz|Clermont,F1,2023,2024-03-10,2024-03-10T14:00:00Z,Metz,Clermont,1,0,1.6841,0.83168,0.8957,0.83168,1.031,0.6019,11,14,m_4FoJQa,Metz,Clermont Foot,1
F1|2024-03-10|Paris SG|Reims,F1,2023,2024-03-10,2024-03-10T12:00:00Z,Paris SG,Reims,2,2,1.26602,1.26224,1.26602,1.26224,1.042,1.3014,19,9,m_1LQZW1,Paris Saint-Germain,Reims,1
F1|2024-03-10|Strasbourg|Monaco,F1,2023,2024-03-10,2024-03-10T14:00:00Z,Strasbourg,Monaco,0,1,0.37955,1.31026,0.37955,1.31026,0.0916,0.8696,8,17,m_01loFr,Strasbourg,Monaco,1
F1|2024-03-15|Toulouse|Lyon,F1,2023,2024-03-15,2024-03-15T20:00:00Z,Toulouse,Lyon,2,3,2.42553,1.40461,1.63713,1.40461,2.0967,1.0817,13,18,m_4Hmd1J,Toulouse,Lyon,1
F1|2024-03-16|Lens|Nice,F1,2023,2024-03-16,2024-03-16T20:00:00Z,Lens,Nice,1,3,1.25447,2.18002,1.25447,1.39162,0.707,1.9948,20,7,m_2kKnhJ,Lens,Nice,1
F1|2024-03-16|Nantes|Strasbourg,F1,2023,2024-03-16,2024-03-16T16:00:00Z,Nantes,Strasbourg,1,3,1.11958,1.94665,1.11958,1.94665,1.0939,2.9351,11,11,m_4CInsZ,Nantes,Strasbourg,1
F1|2024-03-17|Brest|Lille,F1,2023,2024-03-17,2024-03-17T12:00:00Z,Brest,Lille,1,1,0.88437,0.82096,0.88437,0.82096,1.3059,1.7653,16,13,m_4BpIko,Brest,Lille,1
F1|2024-03-17|Clermont|Le Havre,F1,2023,2024-03-17,2024-03-17T14:00:00Z,Clermont,Le Havre,2,1,1.14494,1.20055,0.35654,1.20055,1.8012,1.1971,9,14,m_3Balls,Clermont Foot,Le Havre,1
F1|2024-03-17|Monaco|Lorient,F1,2023,2024-03-17,2024-03-17T14:00:00Z,Monaco,Lorient,2,2,2.65495,0.79011,2.65495,0.79011,1.4973,0.7113,23,12,m_2PnPiH,Monaco,Lorient,1
F1|2024-03-17|Montpellier|Paris SG,F1,2023,2024-03-17,2024-03-17T19:45:00Z,Montpellier,Paris SG,2,6,2.58446,1.72556,1.79606,1.72556,2.6874,2.8617,12,16,m_4OcOZm,Montpellier,Paris Saint-Germain,1
F1|2024-03-17|Reims|Metz,F1,2023,2024-03-17,2024-03-17T14:00:00Z,Reims,Metz,2,1,2.17061,0.85869,2.17061,0.85869,2.4667,1.3199,17,12,m_2piA1w,Reims,Metz,1
F1|2024-03-17|Rennes|Marseille,F1,2023,2024-03-17,2024-03-17T16:05:00Z,Rennes,Marseille,2,0,1.36312,0.74333,0.57472,0.74333,1.6173,0.1352,7,8,m_0fDLQD,Rennes,Marseille,1
F1|2024-03-29|Lille|Lens,F1,2023,2024-03-29,2024-03-29T20:00:00Z,Lille,Lens,2,1,1.64624,0.60867,1.64624,0.60867,0.9061,0.4155,15,9,m_2D17Ol,Lille,Lens,1
F1|2024-03-30|Lyon|Reims,F1,2023,2024-03-30,2024-03-30T20:00:00Z,Lyon,Reims,1,1,1.67947,1.57915,1.67947,1.57915,0.9663,1.5633,16,17,m_46N0Z2,Lyon,Reims,1
F1|2024-03-30|Metz|Monaco,F1,2023,2024-03-30,2024-03-30T16:00:00Z,Metz,Monaco,2,5,2.16616,2.41956,2.16616,2.41956,3.2697,2.9884,13,17,m_2oh75w,Metz,Monaco,1
F1|2024-03-31|Clermont|Toulouse,F1,2023,2024-03-31,2024-03-31T13:00:00Z,Clermont,Toulouse,0,3,0.81982,1.90642,0.81982,1.11802,0.9273,2.6433,15,11,m_3Ezjp0,Clermont Foot,Toulouse,1
F1|2024-03-31|Le Havre|Montpellier,F1,2023,2024-03-31,2024-03-31T13:00:00Z,Le Havre,Montpellier,0,2,0.76283,1.62093,0.76283,1.62093,0.5206,1.721,14,14,m_0msnaS,Le Havre,Montpellier,1
F1|2024-03-31|Lorient|Brest,F1,2023,2024-03-31,2024-03-31T11:00:00Z,Lorient,Brest,0,1,1.0402,0.4916,1.0402,0.4916,0.858,0.6711,11,10,m_3d6lac,Lorient,Brest,1
F1|2024-03-31|Marseille|Paris SG,F1,2023,2024-03-31,2024-03-31T18:45:00Z,Marseille,Paris SG,0,2,1.39092,2.16438,1.39092,2.16438,0.6211,1.572,22,8,m_32hEtl,Marseille,Paris Saint-Germain,1
F1|2024-03-31|Nice|Nantes,F1,2023,2024-03-31,2024-03-31T13:00:00Z,Nice,Nantes,1,2,1.31254,1.69285,0.52414,0.90445,1.4436,2.4579,12,13,m_13EJ6g,Nice,Nantes,1
F1|2024-03-31|Strasbourg|Rennes,F1,2023,2024-03-31,2024-03-31T15:05:00Z,Strasbourg,Rennes,2,0,2.6378,1.09367,2.6378,1.09367,2.9886,0.0,14,12,m_3PN9U4,Strasbourg,Rennes,1
F1|2024-04-05|Lille|Marseille,F1,2023,2024-04-05,2024-04-05T19:00:00Z,Lille,Marseille,3,1,1.77223,1.1707,0.98383,1.1707,2.5472,0.6438,14,14,m_3RG7t1,Lille,Marseille,1
F1|2024-04-06|Lens|Le Havre,F1,2023,2024-04-06,2024-04-06T15:00:00Z,Lens,Le Havre,1,1,0.97882,1.93253,0.97882,1.14413,1.3984,1.5195,18,11,m_2FX8RO,Lens,Le Havre,1
F1|2024-04-06|Paris SG|Clermont,F1,2023,2024-04-06,2024-04-06T19:00:00Z,Paris SG,Clermont,1,1,2.83843,0.27488,2.83843,0.27488,1.9364,0.5211,23,6,m_1lczfg,Paris Saint-Germain,Clermont Foot,1
F1|2024-04-07|Brest|Metz,F1,2023,2024-04-07,2024-04-07T11:00:00Z,Brest,Metz,4,3,3.75235,2.58058,3.75235,2.58058,4.559,1.9303,25,8,m_3NSnQ7,Brest,Metz,1
F1|2024-04-07|Monaco|Rennes,F1,2023,2024-04-07,2024-04-07T15:05:00Z,Monaco,Rennes,1,0,2.07128,1.35478,2.07128,1.35478,1.0657,2.2703,16,12,m_1EOlfu,Monaco,Rennes,1
F1|2024-04-07|Montpellier|Lorient,F1,2023,2024-04-07,2024-04-07T13:00:00Z,Montpellier,Lorient,2,0,2.3516,1.4593,1.5632,1.4593,2.234,1.0508,12,19,m_0sPPIo,Montpellier,Lorient,1
F1|2024-04-07|Nantes|Lyon,F1,2023,2024-04-07,2024-04-07T18:45:00Z,Nantes,Lyon,1,3,1.26919,2.61192,1.26919,2.61192,1.3084,3.6433,14,19,m_0QWmc4,Nantes,Lyon,1
F1|2024-04-07|Reims|Nice,F1,2023,2024-04-07,2024-04-07T13:00:00Z,Reims,Nice,0,0,0.46809,2.06759,0.46809,2.06759,0.2812,0.1963,10,18,m_02wu5C,Reims,Nice,1
F1|2024-04-07|Toulouse|Strasbourg,F1,2023,2024-04-07,2024-04-07T13:00:00Z,Toulouse,Strasbourg,0,0,0.98785,0.46616,0.98785,0.46616,0.1427,0.1096,11,8,m_3adz0L,Toulouse,Strasbourg,1
F1|2024-04-12|Metz|Lens,F1,2023,2024-04-12,2024-04-12T19:00:00Z,Metz,Lens,2,1,0.82484,1.53709,0.82484,0.74869,1.0128,1.4958,11,17,m_0gfD5D,Metz,Lens,1
F1|2024-04-13|Rennes|Toulouse,F1,2023,2024-04-13,2024-04-13T19:00:00Z,Rennes,Toulouse,1,2,0.9563,0.53721,0.9563,0.53721,1.3417,1.3163,19,10,m_2iztQE,Rennes,Toulouse,1
F1|2024-04-13|Strasbourg|Reims,F1,2023,2024-04-13,2024-04-13T15:00:00Z,Strasbourg,Reims,3,1,2.218,0.53033,1.4296,0.53033,2.2456,0.7807,13,8,m_3R5rIk,Strasbourg,Reims,1
F1|2024-04-14|Clermont|Montpellier,F1,2023,2024-04-14,2024-04-14T13:00:00Z,Clermont,Montpellier,1,1,1.49447,1.42392,0.70607,1.42392,1.0168,1.6852,10,14,m_0PwlLN,Clermont Foot,Montpellier,1
F1|2024-04-14|Le Havre|Nantes,F1,2023,2024-04-14,2024-04-14T11:00:00Z,Le Havre,Nantes,0,1,1.43195,0.78953,1.43195,0.78953,0.0156,0.6841,10,12,m_06Beqm,Le Havre,Nantes,1
F1|2024-04-14|Lyon|Brest,F1,2023,2024-04-14,2024-04-14T18:45:00Z,Lyon,Brest,4,3,2.29608,1.56405,1.50768,1.56405,3.0141,1.3145,16,22,m_4Jd3Hz,Lyon,Brest,1
F1|2024-04-19|Nice|Lorient,F1,2023,2024-04-19,2024-04-19T19:00:00Z,Nice,Lorient,3,0,2.60629,0.49643,2.60629,0.49643,2.6697,0.5301,19,10,m_1w3uzE,Nice,Lorient,1
F1|2024-04-20|Lens|Clermont,F1,2023,2024-04-20,2024-04-20T19:00:00Z,Lens,Clermont,1,0,1.913,0.67443,1.1246,0.67443,1.7749,0.1685,17,8,m_4HF0qS,Lens,Clermont Foot,1
F1|2024-04-20|Nantes|Rennes,F1,2023,2024-04-20,2024-04-20T15:00:00Z,Nantes,Rennes,0,3,0.17696,2.37003,0.17696,1.58163,0.6561,2.6481,6,14,m_3nK7G9,Nantes,Rennes,1
F1|2024-04-21|Brest|Monaco,F1,2023,2024-04-21,2024-04-21T15:05:00Z,Brest,Monaco,0,2,0.64513,0.90485,0.64513,0.90485,0.2604,1.4442,12,8,m_2nlbOm,Brest,Monaco,1
F1|2024-04-21|Le Havre|Metz,F1,2023,2024-04-21,2024-04-21T13:00:00Z,Le Havre,Metz,0,1,0.68506,1.35577,0.68506,1.35577,0.8379,0.808,16,9,m_0tVRVi,Le Havre,Metz,1
F1|2024-04-21|Lille|Strasbourg,F1,2023,2024-04-21,2024-04-21T13:00:00Z,Lille,Strasbourg,1,0,0.7934,1.26846,0.7934,1.26846,0.9004,0.3545,6,8,m_2eD7Kx,Lille,Strasbourg,1
F1|2024-04-21|Paris SG|Lyon,F1,2023,2024-04-21,2024-04-21T19:00:00Z,Paris SG,Lyon,4,1,2.44191,1.05209,2.44191,1.05209,2.3623,1.0363,14,17,m_3QzI1G,Paris Saint-Germain,Lyon,1
F1|2024-04-21|Reims|Montpellier,F1,2023,2024-04-21,2024-04-21T13:00:00Z,Reims,Montpellier,1,2,1.46096,1.6132,1.46096,1.6132,1.3099,1.8546,21,12,m_4FnwKZ,Reims,Montpellier,1
F1|2024-04-21|Toulouse|Marseille,F1,2023,2024-04-21,2024-04-21T17:15:00Z,Toulouse,Marseille,2,2,0.51333,1.11908,0.51333,1.11908,0.4591,1.0674,10,11,m_0jdNER,Toulouse,Marseille,1
F1|2024-04-24|Lorient|Paris SG,F1,2023,2024-04-24,2024-04-24T17:00:00Z,Lorient,Paris SG,1,4,0.90807,1.57832,0.90807,1.57832,1.3872,2.9746,11,15,m_2gHQn9,Lorient,Paris Saint-Germain,1
F1|2024-04-24|Marseille|Nice,F1,2023,2024-04-24,2024-04-24T19:00:00Z,Marseille,Nice,2,2,1.94597,1.38933,1.15757,1.38933,1.6045,1.0001,11,10,m_1qabxJ,Marseille,Nice,1
F1|2024-04-24|Monaco|Lille,F1,2023,2024-04-24,2024-04-24T19:00:00Z,Monaco,Lille,1,0,1.4958,1.22893,1.4958,1.22893,1.605,0.4417,19,13,m_3WIPJU,Monaco,Lille,1
F1|2024-04-26|Montpellier|Nantes,F1,2023,2024-04-26,2024-04-26T19:00:00Z,Montpellier,Nantes,1,1,0.73767,1.35451,0.73767,1.35451,0.3605,1.3901,8,15,m_2EuYeV,Montpellier,Nantes,1
F1|2024-04-27|Paris SG|Le Havre,F1,2023,2024-04-27,2024-04-27T19:00:00Z,Paris SG,Le Havre,3,3,2.63685,1.01804,2.63685,0.22964,2.5389,2.0569,17,6,m_3w78Rf,Paris Saint-Germain,Le Havre,1
F1|2024-04-28|Clermont|Reims,F1,2023,2024-04-28,2024-04-28T13:00:00Z,Clermont,Reims,4,1,2.95922,0.94976,1.38242,0.94976,3.5503,1.919,12,10,m_2pOCj3,Clermont Foot,Reims,1
F1|2024-04-28|Lorient|Toulouse,F1,2023,2024-04-28,2024-04-28T13:00:00Z,Lorient,Toulouse,1,2,1.74492,2.12585,1.74492,2.12585,1.4694,1.9908,15,14,m_2pAnE8,Lorient,Toulouse,1
F1|2024-04-28|Lyon|Monaco,F1,2023,2024-04-28,2024-04-28T17:00:00Z,Lyon,Monaco,3,2,2.26159,2.02882,2.26159,2.02882,1.2724,1.516,15,13,m_3oowrO,Lyon,Monaco,1
F1|2024-04-28|Marseille|Lens,F1,2023,2024-04-28,2024-04-28T19:00:00Z,Marseille,Lens,2,1,1.7031,1.21264,1.7031,1.21264,1.995,1.1032,13,18,m_3EsdGW,Marseille,Lens,1
F1|2024-04-28|Metz|Lille,F1,2023,2024-04-28,2024-04-28T11:00:00Z,Metz,Lille,1,2,1.12522,0.78054,0.33682,0.78054,1.2316,1.5104,5,14,m_1WjuIA,Metz,Lille,1
F1|2024-04-28|Rennes|Brest,F1,2023,2024-04-28,2024-04-28T15:05:00Z,Rennes,Brest,4,5,2.67949,2.30626,2.67949,2.30626,2.619,2.8566,22,10,m_2s4cMs,Rennes,Brest,1
F1|2024-04-28|Strasbourg|Nice,F1,2023,2024-04-28,2024-04-28T13:00:00Z,Strasbourg,Nice,1,3,0.61254,1.56376,0.61254,0.77536,1.1567,1.5184,13,8,m_2YS5ui,Strasbourg,Nice,1
F1|2024-05-03|Lens|Lorient,F1,2023,2024-05-03,2024-05-03T19:00:00Z,Lens,Lorient,2,0,2.11836,0.56464,2.11836,0.56464,1.9573,0.4636,19,11,m_4gUwvq,Lens,Lorient,1
F1|2024-05-03|Toulouse|Montpellier,F1,2023,2024-05-03,2024-05-03T17:00:00Z,Toulouse,Montpellier,1,2,1.31459,0.47481,1.31459,0.47481,1.3103,1.1696,15,5,m_20qYGY,Toulouse,Montpellier,1
F1|2024-05-04|Brest|Nantes,F1,2023,2024-05-04,2024-05-04T19:00:00Z,Brest,Nantes,0,0,0.51101,1.51439,0.51101,1.51439,0.3378,0.1558,9,9,m_0kh1DH,Brest,Nantes,1
F1|2024-05-04|Le Havre|Strasbourg,F1,2023,2024-05-04,2024-05-04T13:00:00Z,Le Havre,Strasbourg,3,1,1.8437,0.97073,1.8437,0.97073,2.3555,0.626,15,5,m_06bvUg,Le Havre,Strasbourg,1
F1|2024-05-04|Metz|Rennes,F1,2023,2024-05-04,2024-05-04T17:00:00Z,Metz,Rennes,2,3,0.60735,2.18025,0.60735,1.39185,0.9016,2.9138,7,21,m_1OCDwT,Metz,Rennes,1
F1|2024-05-04|Monaco|Clermont,F1,2023,2024-05-04,2024-05-04T15:00:00Z,Monaco,Clermont,4,1,3.69489,1.4333,3.69489,1.4333,3.9411,0.9587,23,9,m_0Skhp1,Monaco,Clermont Foot,1
F1|2024-05-06|Lille|Lyon,F1,2023,2024-05-06,2024-05-06T19:00:00Z,Lille,Lyon,3,4,0.87579,2.44561,0.87579,2.44561,1.1759,3.6607,8,11,m_3WJXSH,Lille,Lyon,1
F1|2024-05-10|Brest|Reims,F1,2023,2024-05-10,2024-05-10T19:00:00Z,Brest,Reims,1,1,1.21118,0.55952,1.21118,0.55952,1.3394,0.3885,16,8,m_4dhwzL,Brest,Reims,1
F1|2024-05-10|Nice|Le Havre,F1,2023,2024-05-10,2024-05-10T19:00:00Z,Nice,Le Havre,1,0,1.70671,0.40034,1.70671,0.40034,1.2512,0.1881,13,12,m_2t1UaC,Nice,Le Havre,1
F1|2024-05-12|Clermont|Lyon,F1,2023,2024-05-12,2024-05-12T19:00:00Z,Clermont,Lyon,0,1,1.16425,0.33554,1.16425,0.33554,0.5532,0.3995,18,6,m_31uejw,Clermont Foot,Lyon,1
F1|2024-05-12|Marseille|Lorient,F1,2023,2024-05-12,2024-05-12T19:00:00Z,Marseille,Lorient,3,1,2.67752,1.46195,1.88912,1.46195,2.6451,0.3882,13,14,m_3qIzzN,Marseille,Lorient,1
F1|2024-05-12|Montpellier|Monaco,F1,2023,2024-05-12,2024-05-12T19:00:00Z,Montpellier,Monaco,0,2,1.09953,2.3748,1.09953,2.3748,0.5806,2.896,14,19,m_4ay5U9,Montpellier,Monaco,1
F1|2024-05-12|Nantes|Lille,F1,2023,2024-05-12,2024-05-12T19:00:00Z,Nantes,Lille,1,2,0.71338,1.57113,0.71338,1.57113,0.8451,1.8128,9,11,m_2feM06,Nantes,Lille,1
F1|2024-05-12|Paris SG|Toulouse,F1,2023,2024-05-12,2024-05-12T19:00:00Z,Paris SG,Toulouse,1,3,2.17654,1.55781,2.17654,1.55781,1.712,1.5322,15,18,m_10kMVk,Paris Saint-Germain,Toulouse,1
F1|2024-05-12|Rennes|Lens,F1,2023,2024-05-12,2024-05-12T19:00:00Z,Rennes,Lens,1,1,2.03793,0.57597,2.03793,0.57597,1.7653,0.4252,16,8,m_4gdgWo,Rennes,Lens,1
F1|2024-05-12|Strasbourg|Metz,F1,2023,2024-05-12,2024-05-12T19:00:00Z,Strasbourg,Metz,2,1,1.32281,1.12003,1.32281,1.12003,1.3098,0.3421,11,11,m_0knI8k,Strasbourg,Metz,1
F1|2024-05-15|Nice|Paris SG,F1,2023,2024-05-15,2024-05-15T19:00:00Z,Nice,Paris SG,1,2,1.52598,0.94878,1.52598,0.94878,1.6188,0.8804,12,11,m_1C0qnF,Nice,Paris Saint-Germain,1
F1|2024-05-15|Reims|Marseille,F1,2023,2024-05-15,2024-05-15T19:00:00Z,Reims,Marseille,1,0,1.12473,1.74185,1.12473,1.74185,0.1151,0.5399,9,21,m_131sgg,Reims,Marseille,1
F1|2024-05-19|Le Havre|Marseille,F1,2023,2024-05-19,2024-05-19T19:00:00Z,Le Havre,Marseille,1,2,1.80248,1.54067,1.01408,1.54067,2.7125,2.6684,13,22,m_0gM5ZR,Le Havre,Marseille,1
F1|2024-05-19|Lens|Montpellier,F1,2023,2024-05-19,2024-05-19T19:00:00Z,Lens,Montpellier,2,2,5.5331,0.82134,5.5331,0.82134,3.8981,0.9732,27,11,m_2KPctO,Lens,Montpellier,1
F1|2024-05-19|Lille|Nice,F1,2023,2024-05-19,2024-05-19T19:00:00Z,Lille,Nice,2,2,1.34306,0.86362,1.34306,0.86362,0.6128,1.6686,12,10,m_3qwh9i,Lille,Nice,1
F1|2024-05-19|Lorient|Clermont,F1,2023,2024-05-19,2024-05-19T19:00:00Z,Lorient,Clermont,5,0,4.33952,0.82912,3.55112,0.82912,5.2646,0.9,32,9,m_3A9xvr,Lorient,Clermont Foot,1
F1|2024-05-19|Lyon|Strasbourg,F1,2023,2024-05-19,2024-05-19T19:00:00Z,Lyon,Strasbourg,2,1,2.90649,1.15004,2.11809,0.36164,2.7672,0.9416,15,10,m_1qG1OJ,Lyon,Strasbourg,1
F1|2024-05-19|Metz|Paris SG,F1,2023,2024-05-19,2024-05-19T19:00:00Z,Metz,Paris SG,0,2,0.8694,2.03665,0.8694,2.03665,0.6976,3.2201,10,20,m_1JfUui,Metz,Paris Saint-Germain,1
F1|2024-05-19|Monaco|Nantes,F1,2023,2024-05-19,2024-05-19T19:00:00Z,Monaco,Nantes,4,0,1.46234,0.95759,0.67394,0.95759,3.1283,0.1508,10,6,m_1oCbyD,Monaco,Nantes,1
F1|2024-05-19|Reims|Rennes,F1,2023,2024-05-19,2024-05-19T19:00:00Z,Reims,Rennes,2,1,1.33097,1.49257,0.54257,1.49257,1.9832,0.9586,6,15,m_4WnoZX,Reims,Rennes,1
F1|2024-05-19|Toulouse|Brest,F1,2023,2024-05-19,2024-05-19T19:00:00Z,Toulouse,Brest,0,3,0.87629,1.63448,0.87629,1.63448,0.4561,1.8348,8,12,m_0fw08G,Toulouse,Brest,1
